url,source_path,title,current_og_image,reason,suggested_asset_path
https://tedt.org/,index.html,Ted Tschopp | AI Strategy & Enterprise Architecture,https://tedt.org/img/Site-Logo.webp,generic site logo fallback,/img/social/home-social.webp
https://tedt.org/About/,_posts/Policy/1993-01-01-about.md,About the Website | Ted Tschopp,https://tedt.org/img/Site-Logo.webp,generic site logo fallback,/img/social/about-social.webp
https://tedt.org/Al-Swearengen-Announcing-your-plans-is-a-goo/,_posts/Quotes/2004-01-01-Al-Swearengen-Announcing-your-plans-is-a-goo.md,Announcing your plans is a good way to hear God laugh – Al Swearengen | Ted Tschopp,https://tedt.org/img/Site-Logo.webp,generic site logo fallback,/img/social/al-swearengen-announcing-your-plans-is-a-goo-social.webp
https://tedt.org/Al-Swearengen-In-life-you-have-to-do-a-lot-o/,_posts/Quotes/2004-01-01-Al-Swearengen-In-life-you-have-to-do-a-lot-o.md,Life Is One Vile Task After Another – Al Swearengen | Ted Tschopp,https://tedt.org/img/Site-Logo.webp,generic site logo fallback,/img/social/al-swearengen-in-life-you-have-to-do-a-lot-o-social.webp
https://tedt.org/Alfred-A.-Montapert-Do-not-confuse-motion-and-prog/,_posts/Quotes/1965-01-01-Alfred-A.-Montapert-Do-not-confuse-motion-and-prog.md,Do Not Confuse Motion with Progress – Alfred A. Montapert | Ted Tschopp,https://tedt.org/img/Site-Logo.webp,generic site logo fallback,/img/social/alfred-a-montapert-do-not-confuse-motion-and-prog-social.webp
https://tedt.org/Bill-Gates-Success-is-a-lousy-teacher-It/,_posts/Quotes/1995-01-01-Bill-Gates-Success-is-a-lousy-teacher-It.md,Success Is a Lousy Teacher – Bill Gates | Ted Tschopp,https://tedt.org/img/Site-Logo.webp,generic site logo fallback,/img/social/bill-gates-success-is-a-lousy-teacher-it-social.webp
https://tedt.org/Blackberry-PR-MDM-has-become-table-stakes;-i/,_posts/Quotes/2014-05-13-Blackberry-PR-MDM-has-become-table-stakes;-i.md,MDM Is No Longer a Differentiator – BlackBerry PR | Ted Tschopp,https://tedt.org/img/Site-Logo.webp,generic site logo fallback,/img/social/blackberry-pr-mdm-has-become-table-stakes-i-social.webp
https://tedt.org/Brad-Bird-In-many-ways-the-work-of-a-cr/,_posts/Quotes/2007-06-29-Brad-Bird-In-many-ways-the-work-of-a-cr.md,"A Great Artist Can Come from Anywhere – Anton Ego, *Ratatouille* | Ted Tschopp",https://tedt.org/img/Site-Logo.webp,generic site logo fallback,/img/social/brad-bird-in-many-ways-the-work-of-a-cr-social.webp
https://tedt.org/CS-Lewis-Children-have-one-kind-of-sill/,_posts/Quotes/1955-01-01-CS-Lewis-Children-have-one-kind-of-sill.md,Children Have One Kind of Silliness – C.S. Lewis | Ted Tschopp,https://tedt.org/img/Site-Logo.webp,generic site logo fallback,/img/social/cs-lewis-children-have-one-kind-of-sill-social.webp
https://tedt.org/CS-Lewis-How-can-they-(ie-the-gods)-m/,_posts/Quotes/1956-01-01-CS-Lewis-How-can-they-(ie-the-gods)-m.md,Till We Have Faces – C.S. Lewis on Becoming Real | Ted Tschopp,https://tedt.org/img/Site-Logo.webp,generic site logo fallback,/img/social/cs-lewis-how-can-they-ie-the-gods-m-social.webp
https://tedt.org/CS-Lewis-I-didn't-go-to-religion-to-mak/,_posts/Quotes/1970-01-01-CS-Lewis-I-didn't-go-to-religion-to-mak.md,Christianity Is Not for Comfort – C.S. Lewis | Ted Tschopp,https://tedt.org/img/Site-Logo.webp,generic site logo fallback,/img/social/cs-lewis-i-didn-t-go-to-religion-to-mak-social.webp
https://tedt.org/CS-Lewis-I-live-in-the-Managerial-Age/,_posts/Quotes/1942-01-01-CS-Lewis-I-live-in-the-Managerial-Age.md,My Symbol for Hell – C.S. Lewis | Ted Tschopp,https://tedt.org/img/Site-Logo.webp,generic site logo fallback,/img/social/cs-lewis-i-live-in-the-managerial-age-social.webp
https://tedt.org/CS-Lewis-Of-all-tyrannies-a-tyranny-si/,_posts/Quotes/1970-01-01-CS-Lewis-Of-all-tyrannies-a-tyranny-si.md,The Most Oppressive Tyranny – C.S. Lewis | Ted Tschopp,https://tedt.org/img/Site-Logo.webp,generic site logo fallback,/img/social/cs-lewis-of-all-tyrannies-a-tyranny-si-social.webp
https://tedt.org/CS-Lewis-Question-Do-you-feel-then-t/,_posts/Quotes/1963-01-01-CS-Lewis-Question:-Do-you-feel-then-t.md,The Gospel Opposed to the World – C.S. Lewis | Ted Tschopp,https://tedt.org/img/Site-Logo.webp,generic site logo fallback,/img/social/cs-lewis-question-do-you-feel-then-t-social.webp
https://tedt.org/CS-Lewis-The-great-difficulty-is-to-get/,_posts/Quotes/1952-01-01-CS-Lewis-The-great-difficulty-is-to-get.md,Preaching Christianity as Truth – C.S. Lewis | Ted Tschopp,https://tedt.org/img/Site-Logo.webp,generic site logo fallback,/img/social/cs-lewis-the-great-difficulty-is-to-get-social.webp
https://tedt.org/CS-Lewis-The-real-test-of-being-in-the/,_posts/Quotes/1952-01-01-CS-Lewis-The-real-test-of-being-in-the.md,The Test of God’s Presence – C.S. Lewis | Ted Tschopp,https://tedt.org/img/Site-Logo.webp,generic site logo fallback,/img/social/cs-lewis-the-real-test-of-being-in-the-social.webp
https://tedt.org/CS-Lewis-The-sweetest-thing-in-all-my-l/,_posts/Quotes/1956-01-01-CS-Lewis-The-sweetest-thing-in-all-my-l.md,The Sweetest Thing Has Been the Longing – C.S. Lewis | Ted Tschopp,https://tedt.org/img/Site-Logo.webp,generic site logo fallback,/img/social/cs-lewis-the-sweetest-thing-in-all-my-l-social.webp
https://tedt.org/CS-Lewis-There-are-no-ordinary-people/,_posts/Quotes/1941-01-01-CS-Lewis-There-are-no-ordinary-people.md,There Are No Ordinary People – C.S. Lewis | Ted Tschopp,https://tedt.org/img/Site-Logo.webp,generic site logo fallback,/img/social/cs-lewis-there-are-no-ordinary-people-social.webp
https://tedt.org/CS-Lewis-There-is-no-safe-investment-T/,_posts/Quotes/1960-01-01-CS-Lewis-There-is-no-safe-investment-T.md,To Love Is to Be Vulnerable – C.S. Lewis | Ted Tschopp,https://tedt.org/img/Site-Logo.webp,generic site logo fallback,/img/social/cs-lewis-there-is-no-safe-investment-t-social.webp
https://tedt.org/CS-Lewis-We-are-told-that-Christ-was-ki/,_posts/Quotes/1952-01-01-CS-Lewis-We-are-told-that-Christ-was-ki.md,That Is Christianity – C.S. Lewis | Ted Tschopp,https://tedt.org/img/Site-Logo.webp,generic site logo fallback,/img/social/cs-lewis-we-are-told-that-christ-was-ki-social.webp
https://tedt.org/CS-Lewis-You-cannot-study-Pleasure-in-t/,_posts/Quotes/1970-01-01-CS-Lewis-You-cannot-study-Pleasure-in-t.md,You Cannot Study Pleasure in the Moment – C.S. Lewis | Ted Tschopp,https://tedt.org/img/Site-Logo.webp,generic site logo fallback,/img/social/cs-lewis-you-cannot-study-pleasure-in-t-social.webp
https://tedt.org/Charlie-Brooker-and-Konnie-Huq-I-havent-got-a-speech-I-didn/,_posts/Quotes/2011-12-11-Charlie-Brooker-and-Konnie-Huq-I-havent-got-a-speech-I-didn.md,Fake Fodder and Real Pain – Black Mirror's Fifteen Million Merits | Ted Tschopp,https://tedt.org/img/Site-Logo.webp,generic site logo fallback,/img/social/charlie-brooker-and-konnie-huq-i-havent-got-a-speech-i-didn-social.webp
https://tedt.org/Clay-Christensen-When-our-early-aviators-looked/,_posts/Quotes/2012-01-01-Clay-Christensen-When-our-early-aviators-looked.md,Wings and Feathers Are Not Enough – Clay Christensen | Ted Tschopp,https://tedt.org/img/Site-Logo.webp,generic site logo fallback,/img/social/clay-christensen-when-our-early-aviators-looked-social.webp
https://tedt.org/Comment_Policy/,_posts/Policy/1993-01-01-Comment-Policy.md,Comment Policy | Ted Tschopp,https://tedt.org/img/Site-Logo.webp,generic site logo fallback,/img/social/comment-policy-social.webp
https://tedt.org/Copyright/,_posts/Policy/1993-01-01-Copyright-Policy.md,Copyright Notice | Ted Tschopp,https://tedt.org/img/Site-Logo.webp,generic site logo fallback,/img/social/copyright-social.webp
https://tedt.org/Dorthy-Sayers-It-it-is-worse-than-useless-f/,_posts/Quotes/1947-01-01-Dorthy-Sayers-It-it-is-worse-than-useless-f.md,Christian Morality Without Theology Is Useless – Dorothy Sayers | Ted Tschopp,https://tedt.org/img/Site-Logo.webp,generic site logo fallback,/img/social/dorthy-sayers-it-it-is-worse-than-useless-f-social.webp
https://tedt.org/Dorthy-Sayers-We-are-constantly-assured-that/,_posts/Quotes/1938-01-01-Dorthy-Sayers-We-are-constantly-assured-that.md,The Dogma Is the Drama – Dorothy Sayers | Ted Tschopp,https://tedt.org/img/Site-Logo.webp,generic site logo fallback,/img/social/dorthy-sayers-we-are-constantly-assured-that-social.webp
https://tedt.org/Edward-Castronova-Anyone-who-sees-a-hurricane-co/,_posts/Quotes/2007-01-01-Edward-Castronova-Anyone-who-sees-a-hurricane-co.md,Warning of a Virtual Hurricane – Edward Castronova | Ted Tschopp,https://tedt.org/img/Site-Logo.webp,generic site logo fallback,/img/social/edward-castronova-anyone-who-sees-a-hurricane-co-social.webp
https://tedt.org/Eric-Hoffer-Every-great-cause-begins-as-a/,_posts/Quotes/1967-01-01-Eric-Hoffer-Every-great-cause-begins-as-a.md,From Movement to Racket – Eric Hoffer | Ted Tschopp,https://tedt.org/img/Site-Logo.webp,generic site logo fallback,/img/social/eric-hoffer-every-great-cause-begins-as-a-social.webp
https://tedt.org/Eric-Shinseki-If-you-don't-like-change-you'/,_posts/Quotes/2009-11-10-Eric-Shinseki-If-you-don't-like-change-you'.md,If You Don’t Like Change – Eric Shinseki | Ted Tschopp,https://tedt.org/img/Site-Logo.webp,generic site logo fallback,/img/social/eric-shinseki-if-you-don-t-like-change-you-social.webp
https://tedt.org/GK-Chesterton-A-child-kicks-his-legs-rhythmi/,_posts/Quotes/1908-01-01-GK-Chesterton-A-child-kicks-his-legs-rhythmi.md,Exulting in Monotony – G.K. Chesterton | Ted Tschopp,https://tedt.org/img/Site-Logo.webp,generic site logo fallback,/img/social/gk-chesterton-a-child-kicks-his-legs-rhythmi-social.webp
https://tedt.org/GK-Chesterton-A-modern-man-said-Dr-Cyrus/,_posts/Quotes/1912-01-01-GK-Chesterton-A-modern-man-said-Dr-Cyrus.md,Marriage as a Duel to the Death – G.K. Chesterton | Ted Tschopp,https://tedt.org/img/Site-Logo.webp,generic site logo fallback,/img/social/gk-chesterton-a-modern-man-said-dr-cyrus-social.webp
https://tedt.org/GK-Chesterton-Fairy-tales-then-are-not-res/,_posts/Quotes/1909-01-01-GK-Chesterton-Fairy-tales-then-are-not-res.md,Fairy Tales Give Us St. George – G.K. Chesterton | Ted Tschopp,https://tedt.org/img/Site-Logo.webp,generic site logo fallback,/img/social/gk-chesterton-fairy-tales-then-are-not-res-social.webp
https://tedt.org/Gamma-World-Bestiary/Airshoon.html,_posts/Gamma World/2023-04-07-Airshoon.md,Airshoon | Ted Tschopp,https://tedt.org/img/Site-Logo.webp,generic site logo fallback,/img/social/gamma-world-bestiary-airshoon-html-social.webp
https://tedt.org/Gamma-World-Bestiary/Alien-Shreelon.html,_posts/Gamma World/2023-04-07-Alien-Shreelon.md,Alien «Shreelon» | Ted Tschopp,https://tedt.org/img/Site-Logo.webp,generic site logo fallback,/img/social/gamma-world-bestiary-alien-shreelon-html-social.webp
https://tedt.org/Gamma-World-Bestiary/Alynor-dVrie.html,_posts/Gamma World/2023-04-07-Alynor-dVrie.md,Alynor d'Vrie | Ted Tschopp,https://tedt.org/img/Site-Logo.webp,generic site logo fallback,/img/social/gamma-world-bestiary-alynor-dvrie-html-social.webp
https://tedt.org/Gamma-World-Bestiary/Ambush-Bug-BuTal.html,_posts/Gamma World/2023-04-07-Ambush-Bug-BuTal.md,Ambush Bug «Bu'Tal» | Ted Tschopp,https://tedt.org/img/Site-Logo.webp,generic site logo fallback,/img/social/gamma-world-bestiary-ambush-bug-butal-html-social.webp
https://tedt.org/Gamma-World-Bestiary/Ant-Giant.html,_posts/Gamma World/2023-04-07-Ant-Giant.md,Ant-Giant | Ted Tschopp,https://tedt.org/img/Site-Logo.webp,generic site logo fallback,/img/social/gamma-world-bestiary-ant-giant-html-social.webp
https://tedt.org/Gamma-World-Bestiary/Apothecary.html,_posts/Gamma World/2023-04-07-Apothecary.md,Apothecary | Ted Tschopp,https://tedt.org/img/Site-Logo.webp,generic site logo fallback,/img/social/gamma-world-bestiary-apothecary-html-social.webp
https://tedt.org/Gamma-World-Bestiary/Architect.html,_posts/Gamma World/2023-04-07-Architect.md,Architect | Ted Tschopp,https://tedt.org/img/Site-Logo.webp,generic site logo fallback,/img/social/gamma-world-bestiary-architect-html-social.webp
https://tedt.org/Gamma-World-Bestiary/Arrowbeak.html,_posts/Gamma World/2023-04-07-Arrowbeak.md,Arrowbeak | Ted Tschopp,https://tedt.org/img/Site-Logo.webp,generic site logo fallback,/img/social/gamma-world-bestiary-arrowbeak-html-social.webp
https://tedt.org/Gamma-World-Bestiary/Artrak.html,_posts/Gamma World/2023-04-07-Artrak.md,Artrak | Ted Tschopp,https://tedt.org/img/Site-Logo.webp,generic site logo fallback,/img/social/gamma-world-bestiary-artrak-html-social.webp
https://tedt.org/Gamma-World-Bestiary/Assassin-Bug-Sintal.html,_posts/Gamma World/2023-04-07-Assassin-Bug-Sintal.md,Assassin Bug «Sin'tal» | Ted Tschopp,https://tedt.org/img/Site-Logo.webp,generic site logo fallback,/img/social/gamma-world-bestiary-assassin-bug-sintal-html-social.webp
https://tedt.org/Gamma-World-Bestiary/Axel.html,_posts/Gamma World/2023-04-07-Axel.md,Axel | Ted Tschopp,https://tedt.org/img/Site-Logo.webp,generic site logo fallback,/img/social/gamma-world-bestiary-axel-html-social.webp
https://tedt.org/Gamma-World-Bestiary/Baby-Bronts-Moklas.html,_posts/Gamma World/2023-04-07-Baby-Bronts-Moklas.md,Baby Bronts «Moklas» | Ted Tschopp,https://tedt.org/img/Site-Logo.webp,generic site logo fallback,/img/social/gamma-world-bestiary-baby-bronts-moklas-html-social.webp
https://tedt.org/Gamma-World-Bestiary/Bad-Bart-Bartholemu-Othbrook.html,_posts/Gamma World/2023-04-07-Bad-Bart-Bartholemu-Othbrook.md,Bad Bart «Bartholemu Othbrook» | Ted Tschopp,https://tedt.org/img/Site-Logo.webp,generic site logo fallback,/img/social/gamma-world-bestiary-bad-bart-bartholemu-othbrook-html-social.webp
https://tedt.org/Gamma-World-Bestiary/Bahrz.html,_posts/Gamma World/2023-04-07-Bahrz.md,Bahrz | Ted Tschopp,https://tedt.org/img/Site-Logo.webp,generic site logo fallback,/img/social/gamma-world-bestiary-bahrz-html-social.webp
https://tedt.org/Gamma-World-Bestiary/Baldee-EGlee.html,_posts/Gamma World/2023-04-07-Baldee-EGlee.md,Baldee «E'Glee» | Ted Tschopp,https://tedt.org/img/Site-Logo.webp,generic site logo fallback,/img/social/gamma-world-bestiary-baldee-eglee-html-social.webp
https://tedt.org/Gamma-World-Bestiary/Bandit-1.html,_posts/Gamma World/2023-04-07-Bandit-1.md,Bandit 1 | Ted Tschopp,https://tedt.org/img/Site-Logo.webp,generic site logo fallback,/img/social/gamma-world-bestiary-bandit-1-html-social.webp
https://tedt.org/Gamma-World-Bestiary/Bandit-2.html,_posts/Gamma World/2023-04-07-Bandit-2.md,Bandit 2 | Ted Tschopp,https://tedt.org/img/Site-Logo.webp,generic site logo fallback,/img/social/gamma-world-bestiary-bandit-2-html-social.webp
https://tedt.org/Gamma-World-Bestiary/Bandit-3.html,_posts/Gamma World/2023-04-07-Bandit-3.md,Bandit 3 | Ted Tschopp,https://tedt.org/img/Site-Logo.webp,generic site logo fallback,/img/social/gamma-world-bestiary-bandit-3-html-social.webp
https://tedt.org/Gamma-World-Bestiary/Bandit-4.html,_posts/Gamma World/2023-04-07-Bandit-4.md,Bandit 4 | Ted Tschopp,https://tedt.org/img/Site-Logo.webp,generic site logo fallback,/img/social/gamma-world-bestiary-bandit-4-html-social.webp
https://tedt.org/Gamma-World-Bestiary/Bandit-5.html,_posts/Gamma World/2023-04-07-Bandit-5.md,Bandit 5 | Ted Tschopp,https://tedt.org/img/Site-Logo.webp,generic site logo fallback,/img/social/gamma-world-bestiary-bandit-5-html-social.webp
https://tedt.org/Gamma-World-Bestiary/Bandit-Droid.html,_posts/Gamma World/2023-04-07-Bandit-Droid.md,Bandit Droid | Ted Tschopp,https://tedt.org/img/Site-Logo.webp,generic site logo fallback,/img/social/gamma-world-bestiary-bandit-droid-html-social.webp
https://tedt.org/Gamma-World-Bestiary/Bandit-Muel.html,_posts/Gamma World/2023-04-07-Bandit-Muel.md,Bandit Muel | Ted Tschopp,https://tedt.org/img/Site-Logo.webp,generic site logo fallback,/img/social/gamma-world-bestiary-bandit-muel-html-social.webp
https://tedt.org/Gamma-World-Bestiary/Baner.html,_posts/Gamma World/2023-04-07-Baner.md,Baner | Ted Tschopp,https://tedt.org/img/Site-Logo.webp,generic site logo fallback,/img/social/gamma-world-bestiary-baner-html-social.webp
https://tedt.org/Gamma-World-Bestiary/Bang-Bush-Boomerth.html,_posts/Gamma World/2023-04-07-Bang-Bush-Boomerth.md,Bang Bush «Boomerth» | Ted Tschopp,https://tedt.org/img/Site-Logo.webp,generic site logo fallback,/img/social/gamma-world-bestiary-bang-bush-boomerth-html-social.webp
https://tedt.org/Gamma-World-Bestiary/Barfly.html,_posts/Gamma World/2023-04-07-Barfly.md,Barfly | Ted Tschopp,https://tedt.org/img/Site-Logo.webp,generic site logo fallback,/img/social/gamma-world-bestiary-barfly-html-social.webp
https://tedt.org/Gamma-World-Bestiary/Battle-Bot-Battlebot.html,_posts/Gamma World/2023-04-07-Battle-Bot-Battlebot.md,Battle Bot «Battlebot» | Ted Tschopp,https://tedt.org/img/Site-Logo.webp,generic site logo fallback,/img/social/gamma-world-bestiary-battle-bot-battlebot-html-social.webp
https://tedt.org/Gamma-World-Bestiary/Bear.html,_posts/Gamma World/2023-04-07-Bear.md,Bear | Ted Tschopp,https://tedt.org/img/Site-Logo.webp,generic site logo fallback,/img/social/gamma-world-bestiary-bear-html-social.webp
https://tedt.org/Gamma-World-Bestiary/Bearwyrm.html,_posts/Gamma World/2023-04-07-Bearwyrm.md,Bearwyrm | Ted Tschopp,https://tedt.org/img/Site-Logo.webp,generic site logo fallback,/img/social/gamma-world-bestiary-bearwyrm-html-social.webp
https://tedt.org/Gamma-World-Bestiary/Big-Daddy-Juggernaut.html,_posts/Gamma World/2023-04-07-Big-Daddy-Juggernaut.md,Big Daddy «Juggernaut» | Ted Tschopp,https://tedt.org/img/Site-Logo.webp,generic site logo fallback,/img/social/gamma-world-bestiary-big-daddy-juggernaut-html-social.webp
https://tedt.org/Gamma-World-Bestiary/Big-Horns-Rakox.html,_posts/Gamma World/2023-04-07-Big-Horns-Rakox.md,Big Horns «Rakox» | Ted Tschopp,https://tedt.org/img/Site-Logo.webp,generic site logo fallback,/img/social/gamma-world-bestiary-big-horns-rakox-html-social.webp
https://tedt.org/Gamma-World-Bestiary/Bigfoot-Sasquatch.html,_posts/Gamma World/2023-04-07-Bigfoot-Sasquatch.md,Bigfoot «Sasquatch» | Ted Tschopp,https://tedt.org/img/Site-Logo.webp,generic site logo fallback,/img/social/gamma-world-bestiary-bigfoot-sasquatch-html-social.webp
https://tedt.org/Gamma-World-Bestiary/Bigguns-Bof.html,_posts/Gamma World/2023-04-07-Bigguns-Bof.md,Bigguns «Bof» | Ted Tschopp,https://tedt.org/img/Site-Logo.webp,generic site logo fallback,/img/social/gamma-world-bestiary-bigguns-bof-html-social.webp
https://tedt.org/Gamma-World-Bestiary/Bigwig-Rhya.html,_posts/Gamma World/2023-04-07-Bigwig-Rhya.md,Bigwig «Rhya» | Ted Tschopp,https://tedt.org/img/Site-Logo.webp,generic site logo fallback,/img/social/gamma-world-bestiary-bigwig-rhya-html-social.webp
https://tedt.org/Gamma-World-Bestiary/Biohazard-Drone.html,_posts/Gamma World/2023-04-07-Biohazard-Drone.md,Biohazard Drone | Ted Tschopp,https://tedt.org/img/Site-Logo.webp,generic site logo fallback,/img/social/gamma-world-bestiary-biohazard-drone-html-social.webp
https://tedt.org/Gamma-World-Bestiary/Bird-Friend-Daycut.html,_posts/Gamma World/2023-04-07-Bird-Friend-Daycut.md,Bird Friend «Daycut» | Ted Tschopp,https://tedt.org/img/Site-Logo.webp,generic site logo fallback,/img/social/gamma-world-bestiary-bird-friend-daycut-html-social.webp
https://tedt.org/Gamma-World-Bestiary/Bird-Rulers-Carrday.html,_posts/Gamma World/2023-04-07-Bird-Rulers-Carrday.md,Bird Rulers «Carrday» | Ted Tschopp,https://tedt.org/img/Site-Logo.webp,generic site logo fallback,/img/social/gamma-world-bestiary-bird-rulers-carrday-html-social.webp
https://tedt.org/Gamma-World-Bestiary/Bird-of-the-Moonlight-Shoday.html,_posts/Gamma World/2023-04-07-Bird-of-the-Moonlight-Shoday.md,Bird of the Moonlight «Sho'day» | Ted Tschopp,https://tedt.org/img/Site-Logo.webp,generic site logo fallback,/img/social/gamma-world-bestiary-bird-of-the-moonlight-shoday-html-social.webp
https://tedt.org/Gamma-World-Bestiary/Black-Block-Indie.html,_posts/Gamma World/2023-04-07-Black-Block-Indie.md,Black Block «Indie» | Ted Tschopp,https://tedt.org/img/Site-Logo.webp,generic site logo fallback,/img/social/gamma-world-bestiary-black-block-indie-html-social.webp
https://tedt.org/Gamma-World-Bestiary/Black-Harvester.html,_posts/Gamma World/2023-04-07-Black-Harvester.md,Black Harvester | Ted Tschopp,https://tedt.org/img/Site-Logo.webp,generic site logo fallback,/img/social/gamma-world-bestiary-black-harvester-html-social.webp
https://tedt.org/Gamma-World-Bestiary/Black-Living-Mold-Inixon.html,_posts/Gamma World/2023-04-07-Black-Living-Mold-Inixon.md,Black Living Mold «Ini'xon» | Ted Tschopp,https://tedt.org/img/Site-Logo.webp,generic site logo fallback,/img/social/gamma-world-bestiary-black-living-mold-inixon-html-social.webp
https://tedt.org/Gamma-World-Bestiary/Black-Porcupine-Bear-Pierinhorl.html,_posts/Gamma World/2023-04-07-Black-Porcupine--Bear-Pierinhorl.md,Black Porcupine / Bear «Pierinhorl» | Ted Tschopp,https://tedt.org/img/Site-Logo.webp,generic site logo fallback,/img/social/gamma-world-bestiary-black-porcupine-bear-pierinhorl-html-social.webp
https://tedt.org/Gamma-World-Bestiary/Black-Snake-Inslith.html,_posts/Gamma World/2023-04-07-Black-Snake-Inslith.md,Black Snake «Inslith» | Ted Tschopp,https://tedt.org/img/Site-Logo.webp,generic site logo fallback,/img/social/gamma-world-bestiary-black-snake-inslith-html-social.webp
https://tedt.org/Gamma-World-Bestiary/Blend-Dog-Cark.html,_posts/Gamma World/2023-04-07-Blend-Dog-Cark.md,Blend Dog «Cark» | Ted Tschopp,https://tedt.org/img/Site-Logo.webp,generic site logo fallback,/img/social/gamma-world-bestiary-blend-dog-cark-html-social.webp
https://tedt.org/Gamma-World-Bestiary/Blend-Dog-Clark.html,_posts/Gamma World/2023-04-07-Blend-Dog-Clark.md,Blend Dog «Clark» | Ted Tschopp,https://tedt.org/img/Site-Logo.webp,generic site logo fallback,/img/social/gamma-world-bestiary-blend-dog-clark-html-social.webp
https://tedt.org/Gamma-World-Bestiary/Blob.html,_posts/Gamma World/2023-04-07-Blob.md,Blob | Ted Tschopp,https://tedt.org/img/Site-Logo.webp,generic site logo fallback,/img/social/gamma-world-bestiary-blob-html-social.webp
https://tedt.org/Gamma-World-Bestiary/Blood-Wasp.html,_posts/Gamma World/2023-04-07-Blood-Wasp.md,Blood Wasp | Ted Tschopp,https://tedt.org/img/Site-Logo.webp,generic site logo fallback,/img/social/gamma-world-bestiary-blood-wasp-html-social.webp
https://tedt.org/Gamma-World-Bestiary/Blue-Meanies-Ceruleans.html,_posts/Gamma World/2023-04-07-Blue-Meanies-Ceruleans.md,Blue Meanies «Ceruleans» | Ted Tschopp,https://tedt.org/img/Site-Logo.webp,generic site logo fallback,/img/social/gamma-world-bestiary-blue-meanies-ceruleans-html-social.webp
https://tedt.org/Gamma-World-Bestiary/Blue-Snail-Slimer.html,_posts/Gamma World/2023-04-07-Blue-Snail-Slimer.md,Blue Snail «Slimer» | Ted Tschopp,https://tedt.org/img/Site-Logo.webp,generic site logo fallback,/img/social/gamma-world-bestiary-blue-snail-slimer-html-social.webp
https://tedt.org/Gamma-World-Bestiary/Blue-Wing-Lajjin.html,_posts/Gamma World/2023-04-07-Blue-Wing-Lajjin.md,Blue Wing «Lajjin » | Ted Tschopp,https://tedt.org/img/Site-Logo.webp,generic site logo fallback,/img/social/gamma-world-bestiary-blue-wing-lajjin-html-social.webp
https://tedt.org/Gamma-World-Bestiary/Bob-Household-Robot-Rural-defense-model.html,_posts/Gamma World/2023-04-07-Bob-Household-Robot-Rural-defense-model.md,"Bob «Household Robot, Rural defense model» | Ted Tschopp",https://tedt.org/img/Site-Logo.webp,generic site logo fallback,/img/social/gamma-world-bestiary-bob-household-robot-rural-defense-model-html-social.webp
https://tedt.org/Gamma-World-Bestiary/Boneswimmer.html,_posts/Gamma World/2023-04-07-Boneswimmer.md,Boneswimmer | Ted Tschopp,https://tedt.org/img/Site-Logo.webp,generic site logo fallback,/img/social/gamma-world-bestiary-boneswimmer-html-social.webp
https://tedt.org/Gamma-World-Bestiary/Boomblossom.html,_posts/Gamma World/2023-04-07-Boomblossom.md,Boomblossom | Ted Tschopp,https://tedt.org/img/Site-Logo.webp,generic site logo fallback,/img/social/gamma-world-bestiary-boomblossom-html-social.webp
https://tedt.org/Gamma-World-Bestiary/Borer-Beetles-Zarn.html,_posts/Gamma World/2023-04-07-Borer-Beetles-Zarn.md,Borer Beetles «Zarn» | Ted Tschopp,https://tedt.org/img/Site-Logo.webp,generic site logo fallback,/img/social/gamma-world-bestiary-borer-beetles-zarn-html-social.webp
https://tedt.org/Gamma-World-Bestiary/Borg-Cyborg.html,_posts/Gamma World/2023-04-07-Borg-Cyborg.md,Borg «Cyborg» | Ted Tschopp,https://tedt.org/img/Site-Logo.webp,generic site logo fallback,/img/social/gamma-world-bestiary-borg-cyborg-html-social.webp
https://tedt.org/Gamma-World-Bestiary/Borg-Defense-Attack-Borg.html,_posts/Gamma World/2023-04-07-Borg-Defense-Attack-Borg.md,Borg «Defense Attack Borg» | Ted Tschopp,https://tedt.org/img/Site-Logo.webp,generic site logo fallback,/img/social/gamma-world-bestiary-borg-defense-attack-borg-html-social.webp
https://tedt.org/Gamma-World-Bestiary/Boris.html,_posts/Gamma World/2023-04-07-Boris.md,Boris | Ted Tschopp,https://tedt.org/img/Site-Logo.webp,generic site logo fallback,/img/social/gamma-world-bestiary-boris-html-social.webp
https://tedt.org/Gamma-World-Bestiary/BossBot-Supervisory-Borg.html,_posts/Gamma World/2023-04-07-BossBot-Supervisory-Borg.md,BossBot «Supervisory Borg» | Ted Tschopp,https://tedt.org/img/Site-Logo.webp,generic site logo fallback,/img/social/gamma-world-bestiary-bossbot-supervisory-borg-html-social.webp
https://tedt.org/Gamma-World-Bestiary/Bot-Bashers-Spitter.html,_posts/Gamma World/2023-04-07-Bot-Bashers-Spitter.md,Bot Bashers «Spitter» | Ted Tschopp,https://tedt.org/img/Site-Logo.webp,generic site logo fallback,/img/social/gamma-world-bestiary-bot-bashers-spitter-html-social.webp
https://tedt.org/Gamma-World-Bestiary/Bot-General-Household-Robotoid.html,_posts/Gamma World/2023-04-07-Bot-General-Household-Robotoid.md,Bot «General Household Robotoid» | Ted Tschopp,https://tedt.org/img/Site-Logo.webp,generic site logo fallback,/img/social/gamma-world-bestiary-bot-general-household-robotoid-html-social.webp
https://tedt.org/Gamma-World-Bestiary/Bradfromlanta.html,_posts/Gamma World/2023-04-07-Bradfromlanta.md,Bradfromlanta | Ted Tschopp,https://tedt.org/img/Site-Logo.webp,generic site logo fallback,/img/social/gamma-world-bestiary-bradfromlanta-html-social.webp
https://tedt.org/Gamma-World-Bestiary/Brain-Mite.html,_posts/Gamma World/2023-04-07-Brain-Mite.md,Brain Mite | Ted Tschopp,https://tedt.org/img/Site-Logo.webp,generic site logo fallback,/img/social/gamma-world-bestiary-brain-mite-html-social.webp
https://tedt.org/Gamma-World-Bestiary/Braintaker.html,_posts/Gamma World/2023-04-07-Braintaker.md,Braintaker | Ted Tschopp,https://tedt.org/img/Site-Logo.webp,generic site logo fallback,/img/social/gamma-world-bestiary-braintaker-html-social.webp
https://tedt.org/Gamma-World-Bestiary/Bream.html,_posts/Gamma World/2023-04-07-Bream.md,Bream | Ted Tschopp,https://tedt.org/img/Site-Logo.webp,generic site logo fallback,/img/social/gamma-world-bestiary-bream-html-social.webp
https://tedt.org/Gamma-World-Bestiary/Bristle-Snake-Chotslith-Large.html,_posts/Gamma World/2023-04-07-Bristle-Snake-Chotslith-Large.md,"Bristle Snake «Chotslith, Large» | Ted Tschopp",https://tedt.org/img/Site-Logo.webp,generic site logo fallback,/img/social/gamma-world-bestiary-bristle-snake-chotslith-large-html-social.webp
https://tedt.org/Gamma-World-Bestiary/Bristle-Snake-Chotslith-Medium.html,_posts/Gamma World/2023-04-07-Bristle-Snake-Chotslith-Medium.md,"Bristle Snake «Chotslith, Medium» | Ted Tschopp",https://tedt.org/img/Site-Logo.webp,generic site logo fallback,/img/social/gamma-world-bestiary-bristle-snake-chotslith-medium-html-social.webp
https://tedt.org/Gamma-World-Bestiary/Bristleback-Rog.html,_posts/Gamma World/2023-04-07-Bristleback-Rog.md,Bristleback «Rog» | Ted Tschopp,https://tedt.org/img/Site-Logo.webp,generic site logo fallback,/img/social/gamma-world-bestiary-bristleback-rog-html-social.webp
https://tedt.org/Gamma-World-Bestiary/Brown-Runners-Rakkons.html,_posts/Gamma World/2023-04-07-Brown-Runners-Rakkons.md,Brown Runners «Rakkons» | Ted Tschopp,https://tedt.org/img/Site-Logo.webp,generic site logo fallback,/img/social/gamma-world-bestiary-brown-runners-rakkons-html-social.webp
https://tedt.org/Gamma-World-Bestiary/Brudda.html,_posts/Gamma World/2023-04-07-Brudda.md,Brudda | Ted Tschopp,https://tedt.org/img/Site-Logo.webp,generic site logo fallback,/img/social/gamma-world-bestiary-brudda-html-social.webp
https://tedt.org/Gamma-World-Bestiary/Bucker-Toother.html,_posts/Gamma World/2023-04-07-Bucker-Toother.md,Bucker «Toother» | Ted Tschopp,https://tedt.org/img/Site-Logo.webp,generic site logo fallback,/img/social/gamma-world-bestiary-bucker-toother-html-social.webp
https://tedt.org/Gamma-World-Bestiary/Buffalo-Explorer-Otis.html,_posts/Gamma World/2023-04-07-Buffalo-Explorer-Otis.md,Buffalo Explorer «Otis» | Ted Tschopp,https://tedt.org/img/Site-Logo.webp,generic site logo fallback,/img/social/gamma-world-bestiary-buffalo-explorer-otis-html-social.webp
https://tedt.org/Gamma-World-Bestiary/Bulo.html,_posts/Gamma World/2023-04-07-Bulo.md,Bulo | Ted Tschopp,https://tedt.org/img/Site-Logo.webp,generic site logo fallback,/img/social/gamma-world-bestiary-bulo-html-social.webp
https://tedt.org/Gamma-World-Bestiary/CIFAL.html,_posts/Gamma World/2023-04-07-CIFAL.md,CIFAL | Ted Tschopp,https://tedt.org/img/Site-Logo.webp,generic site logo fallback,/img/social/gamma-world-bestiary-cifal-html-social.webp
https://tedt.org/Gamma-World-Bestiary/Cactisaurus-Rex.html,_posts/Gamma World/2023-04-07-Cactisaurus-Rex.md,Cactisaurus Rex | Ted Tschopp,https://tedt.org/img/Site-Logo.webp,generic site logo fallback,/img/social/gamma-world-bestiary-cactisaurus-rex-html-social.webp
https://tedt.org/Gamma-World-Bestiary/Cana.html,_posts/Gamma World/2023-04-07-Cana.md,Cana | Ted Tschopp,https://tedt.org/img/Site-Logo.webp,generic site logo fallback,/img/social/gamma-world-bestiary-cana-html-social.webp
https://tedt.org/Gamma-World-Bestiary/Captain-Gelmar.html,_posts/Gamma World/2023-04-07-Captain-Gelmar.md,Captain Gelmar | Ted Tschopp,https://tedt.org/img/Site-Logo.webp,generic site logo fallback,/img/social/gamma-world-bestiary-captain-gelmar-html-social.webp
https://tedt.org/Gamma-World-Bestiary/Cargolifter-Cargolifter-Heavy.html,_posts/Gamma World/2023-04-07-Cargolifter-Cargolifter--Heavy.md,Cargolifter «Cargolifter - Heavy» | Ted Tschopp,https://tedt.org/img/Site-Logo.webp,generic site logo fallback,/img/social/gamma-world-bestiary-cargolifter-cargolifter-heavy-html-social.webp
https://tedt.org/Gamma-World-Bestiary/Carrin-Mech.html,_posts/Gamma World/2023-04-07-Carrin-Mech.md,Carrin Mech | Ted Tschopp,https://tedt.org/img/Site-Logo.webp,generic site logo fallback,/img/social/gamma-world-bestiary-carrin-mech-html-social.webp
https://tedt.org/Gamma-World-Bestiary/Cat-Folk-Katkin.html,_posts/Gamma World/2023-04-07-Cat-Folk-Katkin.md,Cat Folk «Katkin» | Ted Tschopp,https://tedt.org/img/Site-Logo.webp,generic site logo fallback,/img/social/gamma-world-bestiary-cat-folk-katkin-html-social.webp
https://tedt.org/Gamma-World-Bestiary/Cave-Dabbers-Bigoon.html,_posts/Gamma World/2023-04-07-Cave-Dabbers-Bigoon.md,Cave Dabbers «Bigoon» | Ted Tschopp,https://tedt.org/img/Site-Logo.webp,generic site logo fallback,/img/social/gamma-world-bestiary-cave-dabbers-bigoon-html-social.webp
https://tedt.org/Gamma-World-Bestiary/Cheguin.html,_posts/Gamma World/2023-04-07-Cheguin.md,Cheguin | Ted Tschopp,https://tedt.org/img/Site-Logo.webp,generic site logo fallback,/img/social/gamma-world-bestiary-cheguin-html-social.webp
https://tedt.org/Gamma-World-Bestiary/Chirplick.html,_posts/Gamma World/2023-04-07-Chirplick.md,Chirplick | Ted Tschopp,https://tedt.org/img/Site-Logo.webp,generic site logo fallback,/img/social/gamma-world-bestiary-chirplick-html-social.webp
https://tedt.org/Gamma-World-Bestiary/Chowpuff.html,_posts/Gamma World/2023-04-07-Chowpuff.md,Chowpuff | Ted Tschopp,https://tedt.org/img/Site-Logo.webp,generic site logo fallback,/img/social/gamma-world-bestiary-chowpuff-html-social.webp
https://tedt.org/Gamma-World-Bestiary/Claptrap.html,_posts/Gamma World/2023-04-07-Claptrap.md,Claptrap | Ted Tschopp,https://tedt.org/img/Site-Logo.webp,generic site logo fallback,/img/social/gamma-world-bestiary-claptrap-html-social.webp
https://tedt.org/Gamma-World-Bestiary/Cleansing-Slime.html,_posts/Gamma World/2023-04-07-Cleansing-Slime.md,Cleansing Slime | Ted Tschopp,https://tedt.org/img/Site-Logo.webp,generic site logo fallback,/img/social/gamma-world-bestiary-cleansing-slime-html-social.webp
https://tedt.org/Gamma-World-Bestiary/Clicker-Fish-Flipp.html,_posts/Gamma World/2023-04-07-Clicker-Fish-Flipp.md,Clicker Fish «Flipp» | Ted Tschopp,https://tedt.org/img/Site-Logo.webp,generic site logo fallback,/img/social/gamma-world-bestiary-clicker-fish-flipp-html-social.webp
https://tedt.org/Gamma-World-Bestiary/Climber-Sheezu.html,_posts/Gamma World/2023-04-07-Climber-Sheezu.md,Climber «Sheezu» | Ted Tschopp,https://tedt.org/img/Site-Logo.webp,generic site logo fallback,/img/social/gamma-world-bestiary-climber-sheezu-html-social.webp
https://tedt.org/Gamma-World-Bestiary/Clochwhirl.html,_posts/Gamma World/2023-04-07-Clochwhirl.md,Clochwhirl | Ted Tschopp,https://tedt.org/img/Site-Logo.webp,generic site logo fallback,/img/social/gamma-world-bestiary-clochwhirl-html-social.webp
https://tedt.org/Gamma-World-Bestiary/Cloudeater.html,_posts/Gamma World/2023-04-07-Cloudeater.md,Cloudeater | Ted Tschopp,https://tedt.org/img/Site-Logo.webp,generic site logo fallback,/img/social/gamma-world-bestiary-cloudeater-html-social.webp
https://tedt.org/Gamma-World-Bestiary/Cody-Matrix.html,_posts/Gamma World/2023-04-07-Cody-Matrix.md,Cody Matrix | Ted Tschopp,https://tedt.org/img/Site-Logo.webp,generic site logo fallback,/img/social/gamma-world-bestiary-cody-matrix-html-social.webp
https://tedt.org/Gamma-World-Bestiary/Cold-Snake-Rrerslith.html,_posts/Gamma World/2023-04-07-Cold-Snake-Rrerslith.md,Cold Snake «Rrerslith» | Ted Tschopp,https://tedt.org/img/Site-Logo.webp,generic site logo fallback,/img/social/gamma-world-bestiary-cold-snake-rrerslith-html-social.webp
https://tedt.org/Gamma-World-Bestiary/Commander-Atenvelt.html,_posts/Gamma World/2023-04-07-Commander-Atenvelt.md,Commander Atenvelt | Ted Tschopp,https://tedt.org/img/Site-Logo.webp,generic site logo fallback,/img/social/gamma-world-bestiary-commander-atenvelt-html-social.webp
https://tedt.org/Gamma-World-Bestiary/Communa-Larva.html,_posts/Gamma World/2023-04-07-Communa-Larva.md,Communa Larva | Ted Tschopp,https://tedt.org/img/Site-Logo.webp,generic site logo fallback,/img/social/gamma-world-bestiary-communa-larva-html-social.webp
https://tedt.org/Gamma-World-Bestiary/Communit.html,_posts/Gamma World/2023-04-07-Communit.md,Communit | Ted Tschopp,https://tedt.org/img/Site-Logo.webp,generic site logo fallback,/img/social/gamma-world-bestiary-communit-html-social.webp
https://tedt.org/Gamma-World-Bestiary/Construction-Bot-Engineering-Bot-Standard.html,_posts/Gamma World/2023-04-07-Construction-Bot-Engineering-Bot-Standard.md,Construction Bot «Engineering Bot - Standard» | Ted Tschopp,https://tedt.org/img/Site-Logo.webp,generic site logo fallback,/img/social/gamma-world-bestiary-construction-bot-engineering-bot-standard-html-social.webp
https://tedt.org/Gamma-World-Bestiary/Cool-Jules.html,_posts/Gamma World/2023-04-07-Cool-Jules.md,Cool Jules | Ted Tschopp,https://tedt.org/img/Site-Logo.webp,generic site logo fallback,/img/social/gamma-world-bestiary-cool-jules-html-social.webp
https://tedt.org/Gamma-World-Bestiary/Coote.html,_posts/Gamma World/2023-04-07-Coote.md,Coote | Ted Tschopp,https://tedt.org/img/Site-Logo.webp,generic site logo fallback,/img/social/gamma-world-bestiary-coote-html-social.webp
https://tedt.org/Gamma-World-Bestiary/Corporal-Smyty.html,_posts/Gamma World/2023-04-07-Corporal-Smyty.md,Corporal Smyty | Ted Tschopp,https://tedt.org/img/Site-Logo.webp,generic site logo fallback,/img/social/gamma-world-bestiary-corporal-smyty-html-social.webp
https://tedt.org/Gamma-World-Bestiary/Crabmen-Brultans.html,_posts/Gamma World/2023-04-07-Crabmen-Brultans.md,Crabmen «Brultans» | Ted Tschopp,https://tedt.org/img/Site-Logo.webp,generic site logo fallback,/img/social/gamma-world-bestiary-crabmen-brultans-html-social.webp
https://tedt.org/Gamma-World-Bestiary/Cradengeen.html,_posts/Gamma World/2023-04-07-Cradengeen.md,Cradengeen | Ted Tschopp,https://tedt.org/img/Site-Logo.webp,generic site logo fallback,/img/social/gamma-world-bestiary-cradengeen-html-social.webp
https://tedt.org/Gamma-World-Bestiary/Cratical.html,_posts/Gamma World/2023-04-07-Cratical.md,Cratical | Ted Tschopp,https://tedt.org/img/Site-Logo.webp,generic site logo fallback,/img/social/gamma-world-bestiary-cratical-html-social.webp
https://tedt.org/Gamma-World-Bestiary/Crested-Dragon-Debgon.html,_posts/Gamma World/2023-04-07-Crested-Dragon-Debgon.md,Crested Dragon «Debgon» | Ted Tschopp,https://tedt.org/img/Site-Logo.webp,generic site logo fallback,/img/social/gamma-world-bestiary-crested-dragon-debgon-html-social.webp
https://tedt.org/Gamma-World-Bestiary/Croaker.html,_posts/Gamma World/2023-04-07-Croaker.md,Croaker | Ted Tschopp,https://tedt.org/img/Site-Logo.webp,generic site logo fallback,/img/social/gamma-world-bestiary-croaker-html-social.webp
https://tedt.org/Gamma-World-Bestiary/Cuttleimp.html,_posts/Gamma World/2023-04-07-Cuttleimp.md,Cuttleimp | Ted Tschopp,https://tedt.org/img/Site-Logo.webp,generic site logo fallback,/img/social/gamma-world-bestiary-cuttleimp-html-social.webp
https://tedt.org/Gamma-World-Bestiary/Czhar-Teroth.html,_posts/Gamma World/2023-04-07-Czhar-Teroth.md,Czhar-Teroth | Ted Tschopp,https://tedt.org/img/Site-Logo.webp,generic site logo fallback,/img/social/gamma-world-bestiary-czhar-teroth-html-social.webp
https://tedt.org/Gamma-World-Bestiary/Czonk.html,_posts/Gamma World/2023-04-07-Czonk.md,Czonk | Ted Tschopp,https://tedt.org/img/Site-Logo.webp,generic site logo fallback,/img/social/gamma-world-bestiary-czonk-html-social.webp
https://tedt.org/Gamma-World-Bestiary/Darel.html,_posts/Gamma World/2023-04-07-Darel.md,Darel | Ted Tschopp,https://tedt.org/img/Site-Logo.webp,generic site logo fallback,/img/social/gamma-world-bestiary-darel-html-social.webp
https://tedt.org/Gamma-World-Bestiary/Darels-Brother-Darel.html,_posts/Gamma World/2023-04-07-Darels-Brother-Darel.md,Darel's Brother «Darel» | Ted Tschopp,https://tedt.org/img/Site-Logo.webp,generic site logo fallback,/img/social/gamma-world-bestiary-darels-brother-darel-html-social.webp
https://tedt.org/Gamma-World-Bestiary/Dark-Emperors-Carrin.html,_posts/Gamma World/2023-04-07-Dark-Emperors-Carrin.md,Dark Emperors «Carrin» | Ted Tschopp,https://tedt.org/img/Site-Logo.webp,generic site logo fallback,/img/social/gamma-world-bestiary-dark-emperors-carrin-html-social.webp
https://tedt.org/Gamma-World-Bestiary/Dead-Fish-Herkel.html,_posts/Gamma World/2023-04-07-Dead-Fish-Herkel.md,Dead Fish «Herkel» | Ted Tschopp,https://tedt.org/img/Site-Logo.webp,generic site logo fallback,/img/social/gamma-world-bestiary-dead-fish-herkel-html-social.webp
https://tedt.org/Gamma-World-Bestiary/Deadly-Emerald-Flying-Insect-Nytacal.html,_posts/Gamma World/2023-04-07-Deadly-Emerald-Flying-Insect-Nytacal.md,Deadly Emerald Flying Insect «Nytacal» | Ted Tschopp,https://tedt.org/img/Site-Logo.webp,generic site logo fallback,/img/social/gamma-world-bestiary-deadly-emerald-flying-insect-nytacal-html-social.webp
https://tedt.org/Gamma-World-Bestiary/Deadly-Tail-Nyan.html,_posts/Gamma World/2023-04-07-Deadly-Tail-Nyan.md,Deadly Tail «Ny'an» | Ted Tschopp,https://tedt.org/img/Site-Logo.webp,generic site logo fallback,/img/social/gamma-world-bestiary-deadly-tail-nyan-html-social.webp
https://tedt.org/Gamma-World-Bestiary/Deadun-Zombie.html,_posts/Gamma World/2023-04-07-Deadun-Zombie.md,Deadun «Zombie» | Ted Tschopp,https://tedt.org/img/Site-Logo.webp,generic site logo fallback,/img/social/gamma-world-bestiary-deadun-zombie-html-social.webp
https://tedt.org/Gamma-World-Bestiary/Death-Snails-Molnangs.html,_posts/Gamma World/2023-04-07-Death-Snails-Molnangs.md,Death Snails «Molnangs» | Ted Tschopp,https://tedt.org/img/Site-Logo.webp,generic site logo fallback,/img/social/gamma-world-bestiary-death-snails-molnangs-html-social.webp
https://tedt.org/Gamma-World-Bestiary/Death-Trees-Nep-Ep.html,_posts/Gamma World/2023-04-07-Death-Trees-Nep-Ep.md,Death Trees «Nep Ep» | Ted Tschopp,https://tedt.org/img/Site-Logo.webp,generic site logo fallback,/img/social/gamma-world-bestiary-death-trees-nep-ep-html-social.webp
https://tedt.org/Gamma-World-Bestiary/Deathfish-Barl-Nep.html,_posts/Gamma World/2023-04-07-Deathfish-Barl-Nep.md,Deathfish «Barl Nep» | Ted Tschopp,https://tedt.org/img/Site-Logo.webp,generic site logo fallback,/img/social/gamma-world-bestiary-deathfish-barl-nep-html-social.webp
https://tedt.org/Gamma-World-Bestiary/Deathmoss.html,_posts/Gamma World/2023-04-07-Deathmoss.md,Deathmoss | Ted Tschopp,https://tedt.org/img/Site-Logo.webp,generic site logo fallback,/img/social/gamma-world-bestiary-deathmoss-html-social.webp
https://tedt.org/Gamma-World-Bestiary/Deathsire.html,_posts/Gamma World/2023-04-07-Deathsire.md,Deathsire | Ted Tschopp,https://tedt.org/img/Site-Logo.webp,generic site logo fallback,/img/social/gamma-world-bestiary-deathsire-html-social.webp
https://tedt.org/Gamma-World-Bestiary/Debris-Removal-System.html,_posts/Gamma World/2023-04-07-Debris-Removal-System.md,Debris Removal System | Ted Tschopp,https://tedt.org/img/Site-Logo.webp,generic site logo fallback,/img/social/gamma-world-bestiary-debris-removal-system-html-social.webp
https://tedt.org/Gamma-World-Bestiary/Deep-Dwellers-Marlok.html,_posts/Gamma World/2023-04-07-Deep-Dwellers-Marlok.md,Deep Dwellers «Marlok» | Ted Tschopp,https://tedt.org/img/Site-Logo.webp,generic site logo fallback,/img/social/gamma-world-bestiary-deep-dwellers-marlok-html-social.webp
https://tedt.org/Gamma-World-Bestiary/Defense-Tree-Prot-Ep.html,_posts/Gamma World/2023-04-07-Defense-Tree-Prot-Ep.md,Defense Tree «Prot Ep» | Ted Tschopp,https://tedt.org/img/Site-Logo.webp,generic site logo fallback,/img/social/gamma-world-bestiary-defense-tree-prot-ep-html-social.webp
https://tedt.org/Gamma-World-Bestiary/Dekr.html,_posts/Gamma World/2023-04-07-Dekr.md,Dek'r | Ted Tschopp,https://tedt.org/img/Site-Logo.webp,generic site logo fallback,/img/social/gamma-world-bestiary-dekr-html-social.webp
https://tedt.org/Gamma-World-Bestiary/Demon-Kraw.html,_posts/Gamma World/2023-04-07-Demon-Kraw.md,Demon «Kraw» | Ted Tschopp,https://tedt.org/img/Site-Logo.webp,generic site logo fallback,/img/social/gamma-world-bestiary-demon-kraw-html-social.webp
https://tedt.org/Gamma-World-Bestiary/Demon-Snake-Helslith.html,_posts/Gamma World/2023-04-07-Demon-Snake-Helslith.md,Demon Snake «Helslith» | Ted Tschopp,https://tedt.org/img/Site-Logo.webp,generic site logo fallback,/img/social/gamma-world-bestiary-demon-snake-helslith-html-social.webp
https://tedt.org/Gamma-World-Bestiary/Deranged.html,_posts/Gamma World/2023-04-07-Deranged.md,Deranged | Ted Tschopp,https://tedt.org/img/Site-Logo.webp,generic site logo fallback,/img/social/gamma-world-bestiary-deranged-html-social.webp
https://tedt.org/Gamma-World-Bestiary/Desert-Riders.html,_posts/Gamma World/2023-04-07-Desert-Riders.md,Desert Riders | Ted Tschopp,https://tedt.org/img/Site-Logo.webp,generic site logo fallback,/img/social/gamma-world-bestiary-desert-riders-html-social.webp
https://tedt.org/Gamma-World-Bestiary/Diablos.html,_posts/Gamma World/2023-04-07-Diablos.md,Diablos | Ted Tschopp,https://tedt.org/img/Site-Logo.webp,generic site logo fallback,/img/social/gamma-world-bestiary-diablos-html-social.webp
https://tedt.org/Gamma-World-Bestiary/Digger-Noble-Badder.html,_posts/Gamma World/2023-04-07-Digger-Noble-Badder.md,Digger Noble «Badder» | Ted Tschopp,https://tedt.org/img/Site-Logo.webp,generic site logo fallback,/img/social/gamma-world-bestiary-digger-noble-badder-html-social.webp
https://tedt.org/Gamma-World-Bestiary/Digger.html,_posts/Gamma World/2023-04-07-Digger.md,Digger | Ted Tschopp,https://tedt.org/img/Site-Logo.webp,generic site logo fallback,/img/social/gamma-world-bestiary-digger-html-social.webp
https://tedt.org/Gamma-World-Bestiary/Digging-Dragon-Badgon.html,_posts/Gamma World/2023-04-07-Digging-Dragon-Badgon.md,Digging Dragon «Badgon» | Ted Tschopp,https://tedt.org/img/Site-Logo.webp,generic site logo fallback,/img/social/gamma-world-bestiary-digging-dragon-badgon-html-social.webp
https://tedt.org/Gamma-World-Bestiary/Doc-Shadow.html,_posts/Gamma World/2023-04-07-Doc-Shadow.md,Doc Shadow | Ted Tschopp,https://tedt.org/img/Site-Logo.webp,generic site logo fallback,/img/social/gamma-world-bestiary-doc-shadow-html-social.webp
https://tedt.org/Gamma-World-Bestiary/Dr.-Frankish.html,_posts/Gamma World/2023-04-07-Dr.-Frankish.md,Dr. Frankish | Ted Tschopp,https://tedt.org/img/Site-Logo.webp,generic site logo fallback,/img/social/gamma-world-bestiary-dr-frankish-html-social.webp
https://tedt.org/Gamma-World-Bestiary/Drake-Tribian.html,_posts/Gamma World/2023-04-07-Drake-Tribian.md,Drake Tribian | Ted Tschopp,https://tedt.org/img/Site-Logo.webp,generic site logo fallback,/img/social/gamma-world-bestiary-drake-tribian-html-social.webp
https://tedt.org/Gamma-World-Bestiary/Drona.html,_posts/Gamma World/2023-04-07-Drona.md,Drona | Ted Tschopp,https://tedt.org/img/Site-Logo.webp,generic site logo fallback,/img/social/gamma-world-bestiary-drona-html-social.webp
https://tedt.org/Gamma-World-Bestiary/Dry-Grass.html,_posts/Gamma World/2023-04-07-Dry-Grass.md,Dry Grass | Ted Tschopp,https://tedt.org/img/Site-Logo.webp,generic site logo fallback,/img/social/gamma-world-bestiary-dry-grass-html-social.webp
https://tedt.org/Gamma-World-Bestiary/Duster.html,_posts/Gamma World/2023-04-07-Duster.md,Duster | Ted Tschopp,https://tedt.org/img/Site-Logo.webp,generic site logo fallback,/img/social/gamma-world-bestiary-duster-html-social.webp
https://tedt.org/Gamma-World-Bestiary/Earth-Pigs-Sarbis.html,_posts/Gamma World/2023-04-07-Earth-Pigs-Sarbis.md,Earth Pigs «Sarbis» | Ted Tschopp,https://tedt.org/img/Site-Logo.webp,generic site logo fallback,/img/social/gamma-world-bestiary-earth-pigs-sarbis-html-social.webp
https://tedt.org/Gamma-World-Bestiary/Echost.html,_posts/Gamma World/2023-04-07-Echost.md,Echost | Ted Tschopp,https://tedt.org/img/Site-Logo.webp,generic site logo fallback,/img/social/gamma-world-bestiary-echost-html-social.webp
https://tedt.org/Gamma-World-Bestiary/Ecobot-farm.html,_posts/Gamma World/2023-04-07-Ecobot--farm.md,Ecobot - farm | Ted Tschopp,https://tedt.org/img/Site-Logo.webp,generic site logo fallback,/img/social/gamma-world-bestiary-ecobot-farm-html-social.webp
https://tedt.org/Gamma-World-Bestiary/Ecobot-park.html,_posts/Gamma World/2023-04-07-Ecobot--park.md,Ecobot - park | Ted Tschopp,https://tedt.org/img/Site-Logo.webp,generic site logo fallback,/img/social/gamma-world-bestiary-ecobot-park-html-social.webp
https://tedt.org/Gamma-World-Bestiary/Ecology-Robot.html,_posts/Gamma World/2023-04-07-Ecology-Robot.md,Ecology Robot | Ted Tschopp,https://tedt.org/img/Site-Logo.webp,generic site logo fallback,/img/social/gamma-world-bestiary-ecology-robot-html-social.webp
https://tedt.org/Gamma-World-Bestiary/Econet.html,_posts/Gamma World/2023-04-07-Econet.md,Econet | Ted Tschopp,https://tedt.org/img/Site-Logo.webp,generic site logo fallback,/img/social/gamma-world-bestiary-econet-html-social.webp
https://tedt.org/Gamma-World-Bestiary/Elefgainth.html,_posts/Gamma World/2023-04-07-Elefgainth.md,Elefgainth | Ted Tschopp,https://tedt.org/img/Site-Logo.webp,generic site logo fallback,/img/social/gamma-world-bestiary-elefgainth-html-social.webp
https://tedt.org/Gamma-World-Bestiary/Encleaver.html,_posts/Gamma World/2023-04-07-Encleaver.md,Encleaver | Ted Tschopp,https://tedt.org/img/Site-Logo.webp,generic site logo fallback,/img/social/gamma-world-bestiary-encleaver-html-social.webp
https://tedt.org/Gamma-World-Bestiary/EndedHere.html,_posts/Gamma World/2023-04-07-EndedHere.md,EndedHere | Ted Tschopp,https://tedt.org/img/Site-Logo.webp,generic site logo fallback,/img/social/gamma-world-bestiary-endedhere-html-social.webp
https://tedt.org/Gamma-World-Bestiary/Endlessly-Running-Beast-Bacrolbai.html,_posts/Gamma World/2023-04-07-Endlessly-Running-Beast-Bacrolbai.md,Endlessly Running Beast «Ba'crolbai» | Ted Tschopp,https://tedt.org/img/Site-Logo.webp,generic site logo fallback,/img/social/gamma-world-bestiary-endlessly-running-beast-bacrolbai-html-social.webp
https://tedt.org/Gamma-World-Bestiary/Energy-Moth.html,_posts/Gamma World/2023-04-07-Energy-Moth.md,Energy Moth | Ted Tschopp,https://tedt.org/img/Site-Logo.webp,generic site logo fallback,/img/social/gamma-world-bestiary-energy-moth-html-social.webp
https://tedt.org/Gamma-World-Bestiary/Engineering-Robot.html,_posts/Gamma World/2023-04-07-Engineering-Robot.md,Engineering Robot | Ted Tschopp,https://tedt.org/img/Site-Logo.webp,generic site logo fallback,/img/social/gamma-world-bestiary-engineering-robot-html-social.webp
https://tedt.org/Gamma-World-Bestiary/Ermon.html,_posts/Gamma World/2023-04-07-Ermon.md,Ermon | Ted Tschopp,https://tedt.org/img/Site-Logo.webp,generic site logo fallback,/img/social/gamma-world-bestiary-ermon-html-social.webp
https://tedt.org/Gamma-World-Bestiary/Exterminator-Flesh.html,_posts/Gamma World/2023-04-07-Exterminator-Flesh.md,"Exterminator, Flesh | Ted Tschopp",https://tedt.org/img/Site-Logo.webp,generic site logo fallback,/img/social/gamma-world-bestiary-exterminator-flesh-html-social.webp
https://tedt.org/Gamma-World-Bestiary/Exterminator-Robotic-Core.html,_posts/Gamma World/2023-04-07-Exterminator-Robotic-Core.md,"Exterminator, Robotic Core | Ted Tschopp",https://tedt.org/img/Site-Logo.webp,generic site logo fallback,/img/social/gamma-world-bestiary-exterminator-robotic-core-html-social.webp
https://tedt.org/Gamma-World-Bestiary/Eyebane.html,_posts/Gamma World/2023-04-07-Eyebane.md,Eyebane | Ted Tschopp,https://tedt.org/img/Site-Logo.webp,generic site logo fallback,/img/social/gamma-world-bestiary-eyebane-html-social.webp
https://tedt.org/Gamma-World-Bestiary/Familiar.html,_posts/Gamma World/2023-04-07-Familiar.md,Familiar | Ted Tschopp,https://tedt.org/img/Site-Logo.webp,generic site logo fallback,/img/social/gamma-world-bestiary-familiar-html-social.webp
https://tedt.org/Gamma-World-Bestiary/Farmbot-Ecology-Bot-Agricultural.html,_posts/Gamma World/2023-04-07-Farmbot-Ecology-Bot--Agricultural.md,Farmbot «Ecology Bot - Agricultural» | Ted Tschopp,https://tedt.org/img/Site-Logo.webp,generic site logo fallback,/img/social/gamma-world-bestiary-farmbot-ecology-bot-agricultural-html-social.webp
https://tedt.org/Gamma-World-Bestiary/Farmbot-Ecology-Bot-Garden.html,_posts/Gamma World/2023-04-07-Farmbot-Ecology-Bot--Garden.md,Farmbot «Ecology Bot - Garden» | Ted Tschopp,https://tedt.org/img/Site-Logo.webp,generic site logo fallback,/img/social/gamma-world-bestiary-farmbot-ecology-bot-garden-html-social.webp
https://tedt.org/Gamma-World-Bestiary/Fashen.html,_posts/Gamma World/2023-04-07-Fashen.md,Fashen | Ted Tschopp,https://tedt.org/img/Site-Logo.webp,generic site logo fallback,/img/social/gamma-world-bestiary-fashen-html-social.webp
https://tedt.org/Gamma-World-Bestiary/Fast-Trotters-Centisteed.html,_posts/Gamma World/2023-04-07-Fast-Trotters-Centisteed.md,Fast Trotters «Centisteed» | Ted Tschopp,https://tedt.org/img/Site-Logo.webp,generic site logo fallback,/img/social/gamma-world-bestiary-fast-trotters-centisteed-html-social.webp
https://tedt.org/Gamma-World-Bestiary/Fear-Deer-Chessex.html,_posts/Gamma World/2023-04-07-Fear-Deer-Chessex.md,Fear Deer «Chessex» | Ted Tschopp,https://tedt.org/img/Site-Logo.webp,generic site logo fallback,/img/social/gamma-world-bestiary-fear-deer-chessex-html-social.webp
https://tedt.org/Gamma-World-Bestiary/Feathered-Love-Kiikce.html,_posts/Gamma World/2023-04-07-Feathered-Love-Kiikce.md,Feathered Love «Kiikce» | Ted Tschopp,https://tedt.org/img/Site-Logo.webp,generic site logo fallback,/img/social/gamma-world-bestiary-feathered-love-kiikce-html-social.webp
https://tedt.org/Gamma-World-Bestiary/Fenkuin.html,_posts/Gamma World/2023-04-07-Fenkuin.md,Fenkuin | Ted Tschopp,https://tedt.org/img/Site-Logo.webp,generic site logo fallback,/img/social/gamma-world-bestiary-fenkuin-html-social.webp
https://tedt.org/Gamma-World-Bestiary/Feral-Machine.html,_posts/Gamma World/2023-04-07-Feral-Machine.md,Feral Machine | Ted Tschopp,https://tedt.org/img/Site-Logo.webp,generic site logo fallback,/img/social/gamma-world-bestiary-feral-machine-html-social.webp
https://tedt.org/Gamma-World-Bestiary/Fid-Chick.html,_posts/Gamma World/2023-04-07-Fid-Chick.md,Fid-Chick | Ted Tschopp,https://tedt.org/img/Site-Logo.webp,generic site logo fallback,/img/social/gamma-world-bestiary-fid-chick-html-social.webp
https://tedt.org/Gamma-World-Bestiary/Filamentron.html,_posts/Gamma World/2023-04-07-Filamentron.md,Filamentron | Ted Tschopp,https://tedt.org/img/Site-Logo.webp,generic site logo fallback,/img/social/gamma-world-bestiary-filamentron-html-social.webp
https://tedt.org/Gamma-World-Bestiary/Finned-Dragon-Erdgon.html,_posts/Gamma World/2023-04-07-Finned-Dragon-Erdgon.md,Finned Dragon «Erdgon» | Ted Tschopp,https://tedt.org/img/Site-Logo.webp,generic site logo fallback,/img/social/gamma-world-bestiary-finned-dragon-erdgon-html-social.webp
https://tedt.org/Gamma-World-Bestiary/Fire-Eater.html,_posts/Gamma World/2023-04-07-Fire-Eater.md,Fire Eater | Ted Tschopp,https://tedt.org/img/Site-Logo.webp,generic site logo fallback,/img/social/gamma-world-bestiary-fire-eater-html-social.webp
https://tedt.org/Gamma-World-Bestiary/Firefish-Ert-Telden.html,_posts/Gamma World/2023-04-07-Firefish-Ert-Telden.md,Firefish «Ert Telden» | Ted Tschopp,https://tedt.org/img/Site-Logo.webp,generic site logo fallback,/img/social/gamma-world-bestiary-firefish-ert-telden-html-social.webp
https://tedt.org/Gamma-World-Bestiary/Fixed.html,_posts/Gamma World/2023-04-07-Fixed.md,Fixed | Ted Tschopp,https://tedt.org/img/Site-Logo.webp,generic site logo fallback,/img/social/gamma-world-bestiary-fixed-html-social.webp
https://tedt.org/Gamma-World-Bestiary/Flailers-Triphants.html,_posts/Gamma World/2023-04-07-Flailers-Triphants.md,Flailers «Triphants» | Ted Tschopp,https://tedt.org/img/Site-Logo.webp,generic site logo fallback,/img/social/gamma-world-bestiary-flailers-triphants-html-social.webp
https://tedt.org/Gamma-World-Bestiary/Flaming-Bush-Smokerth.html,_posts/Gamma World/2023-04-07-Flaming-Bush-Smokerth.md,Flaming Bush «Smokerth» | Ted Tschopp,https://tedt.org/img/Site-Logo.webp,generic site logo fallback,/img/social/gamma-world-bestiary-flaming-bush-smokerth-html-social.webp
https://tedt.org/Gamma-World-Bestiary/Flat-Render-Guman.html,_posts/Gamma World/2023-04-07-Flat-Render-Guman.md,Flat Render «Guman» | Ted Tschopp,https://tedt.org/img/Site-Logo.webp,generic site logo fallback,/img/social/gamma-world-bestiary-flat-render-guman-html-social.webp
https://tedt.org/Gamma-World-Bestiary/Flesh-Cutter-Ant.html,_posts/Gamma World/2023-04-07-Flesh-Cutter-Ant.md,Flesh Cutter Ant | Ted Tschopp,https://tedt.org/img/Site-Logo.webp,generic site logo fallback,/img/social/gamma-world-bestiary-flesh-cutter-ant-html-social.webp
https://tedt.org/Gamma-World-Bestiary/Floppsies-Hoop.html,_posts/Gamma World/2023-04-07-Floppsies-Hoop.md,Floppsies «Hoop» | Ted Tschopp,https://tedt.org/img/Site-Logo.webp,generic site logo fallback,/img/social/gamma-world-bestiary-floppsies-hoop-html-social.webp
https://tedt.org/Gamma-World-Bestiary/Fluter.html,_posts/Gamma World/2023-04-07-Fluter.md,Fluter | Ted Tschopp,https://tedt.org/img/Site-Logo.webp,generic site logo fallback,/img/social/gamma-world-bestiary-fluter-html-social.webp
https://tedt.org/Gamma-World-Bestiary/Flying-Death-Katal.html,_posts/Gamma World/2023-04-07-Flying-Death-Katal.md,Flying Death «Ka'tal» | Ted Tschopp,https://tedt.org/img/Site-Logo.webp,generic site logo fallback,/img/social/gamma-world-bestiary-flying-death-katal-html-social.webp
https://tedt.org/Gamma-World-Bestiary/Flying-Eyes-Obb.html,_posts/Gamma World/2023-04-07-Flying-Eyes-Obb.md,Flying Eyes «Obb» | Ted Tschopp,https://tedt.org/img/Site-Logo.webp,generic site logo fallback,/img/social/gamma-world-bestiary-flying-eyes-obb-html-social.webp
https://tedt.org/Gamma-World-Bestiary/Flying-Fish-Fleshin.html,_posts/Gamma World/2023-04-07-Flying-Fish-Fleshin.md,Flying Fish «Fleshin» | Ted Tschopp,https://tedt.org/img/Site-Logo.webp,generic site logo fallback,/img/social/gamma-world-bestiary-flying-fish-fleshin-html-social.webp
https://tedt.org/Gamma-World-Bestiary/Flying-Frogs-Ribbets.html,_posts/Gamma World/2023-04-07-Flying-Frogs-Ribbets.md,Flying Frogs «Ribbets» | Ted Tschopp,https://tedt.org/img/Site-Logo.webp,generic site logo fallback,/img/social/gamma-world-bestiary-flying-frogs-ribbets-html-social.webp
https://tedt.org/Gamma-World-Bestiary/Flying-Lobster-Garbug.html,_posts/Gamma World/2023-04-07-Flying-Lobster-Garbug.md,Flying Lobster «Garbug» | Ted Tschopp,https://tedt.org/img/Site-Logo.webp,generic site logo fallback,/img/social/gamma-world-bestiary-flying-lobster-garbug-html-social.webp
https://tedt.org/Gamma-World-Bestiary/Flynn.html,_posts/Gamma World/2023-04-07-Flynn.md,Flynn | Ted Tschopp,https://tedt.org/img/Site-Logo.webp,generic site logo fallback,/img/social/gamma-world-bestiary-flynn-html-social.webp
https://tedt.org/Gamma-World-Bestiary/Forestbot-Ecology-Bot-Timber.html,_posts/Gamma World/2023-04-07-Forestbot-Ecology-Bot--Timber.md,Forestbot «Ecology Bot - Timber» | Ted Tschopp,https://tedt.org/img/Site-Logo.webp,generic site logo fallback,/img/social/gamma-world-bestiary-forestbot-ecology-bot-timber-html-social.webp
https://tedt.org/Gamma-World-Bestiary/Fragger.html,_posts/Gamma World/2023-04-07-Fragger.md,Fragger | Ted Tschopp,https://tedt.org/img/Site-Logo.webp,generic site logo fallback,/img/social/gamma-world-bestiary-fragger-html-social.webp
https://tedt.org/Gamma-World-Bestiary/Frakenpet.html,_posts/Gamma World/2023-04-07-Frakenpet.md,Frakenpet | Ted Tschopp,https://tedt.org/img/Site-Logo.webp,generic site logo fallback,/img/social/gamma-world-bestiary-frakenpet-html-social.webp
https://tedt.org/Gamma-World-Bestiary/Frankenstein.html,_posts/Gamma World/2023-04-07-Frankenstein.md,Frankenstein | Ted Tschopp,https://tedt.org/img/Site-Logo.webp,generic site logo fallback,/img/social/gamma-world-bestiary-frankenstein-html-social.webp
https://tedt.org/Gamma-World-Bestiary/Free-Car.html,_posts/Gamma World/2023-04-07-Free-Car.md,Free Car | Ted Tschopp,https://tedt.org/img/Site-Logo.webp,generic site logo fallback,/img/social/gamma-world-bestiary-free-car-html-social.webp
https://tedt.org/Gamma-World-Bestiary/Freleng.html,_posts/Gamma World/2023-04-07-Freleng.md,Freleng | Ted Tschopp,https://tedt.org/img/Site-Logo.webp,generic site logo fallback,/img/social/gamma-world-bestiary-freleng-html-social.webp
https://tedt.org/Gamma-World-Bestiary/Friendlies-Harmony-Tree.html,_posts/Gamma World/2023-04-07-Friendlies-Harmony-Tree.md,Friendlies «Harmony Tree» | Ted Tschopp,https://tedt.org/img/Site-Logo.webp,generic site logo fallback,/img/social/gamma-world-bestiary-friendlies-harmony-tree-html-social.webp
https://tedt.org/Gamma-World-Bestiary/Froghemoth.html,_posts/Gamma World/2023-04-07-Froghemoth.md,Froghemoth | Ted Tschopp,https://tedt.org/img/Site-Logo.webp,generic site logo fallback,/img/social/gamma-world-bestiary-froghemoth-html-social.webp
https://tedt.org/Gamma-World-Bestiary/Funes-Symbiot.html,_posts/Gamma World/2023-04-07-Funes-Symbiot.md,Funes' Symbiot | Ted Tschopp,https://tedt.org/img/Site-Logo.webp,generic site logo fallback,/img/social/gamma-world-bestiary-funes-symbiot-html-social.webp
https://tedt.org/Gamma-World-Bestiary/Fungimal.html,_posts/Gamma World/2023-04-07-Fungimal.md,Fungimal | Ted Tschopp,https://tedt.org/img/Site-Logo.webp,generic site logo fallback,/img/social/gamma-world-bestiary-fungimal-html-social.webp
https://tedt.org/Gamma-World-Bestiary/Furball-Ekola.html,_posts/Gamma World/2023-04-07-Furball-Ekola.md,Furball «Ekola » | Ted Tschopp,https://tedt.org/img/Site-Logo.webp,generic site logo fallback,/img/social/gamma-world-bestiary-furball-ekola-html-social.webp
https://tedt.org/Gamma-World-Bestiary/Gallus-Gallus-5-13.html,_posts/Gamma World/2023-04-07-Gallus-Gallus-5-13.md,Gallus Gallus 5-13 | Ted Tschopp,https://tedt.org/img/Site-Logo.webp,generic site logo fallback,/img/social/gamma-world-bestiary-gallus-gallus-5-13-html-social.webp
https://tedt.org/Gamma-World-Bestiary/Gamma-Bushes-Perth.html,_posts/Gamma World/2023-04-07-Gamma-Bushes-Perth.md,Gamma Bushes «Perth» | Ted Tschopp,https://tedt.org/img/Site-Logo.webp,generic site logo fallback,/img/social/gamma-world-bestiary-gamma-bushes-perth-html-social.webp
https://tedt.org/Gamma-World-Bestiary/Gamma-Living-Mold-Ash-IXon.html,_posts/Gamma World/2023-04-07-Gamma-Living-Mold-Ash-IXon.md,Gamma Living Mold «Ash I'Xon» | Ted Tschopp,https://tedt.org/img/Site-Logo.webp,generic site logo fallback,/img/social/gamma-world-bestiary-gamma-living-mold-ash-ixon-html-social.webp
https://tedt.org/Gamma-World-Bestiary/Garf.html,_posts/Gamma World/2023-04-07-Garf.md,Garf | Ted Tschopp,https://tedt.org/img/Site-Logo.webp,generic site logo fallback,/img/social/gamma-world-bestiary-garf-html-social.webp
https://tedt.org/Gamma-World-Bestiary/Gas-Cloud-Mught.html,_posts/Gamma World/2023-04-07-Gas-Cloud-Mught.md,Gas Cloud «Mught» | Ted Tschopp,https://tedt.org/img/Site-Logo.webp,generic site logo fallback,/img/social/gamma-world-bestiary-gas-cloud-mught-html-social.webp
https://tedt.org/Gamma-World-Bestiary/Gas-Plant-Mut-Choo.html,_posts/Gamma World/2023-04-07-Gas-Plant-Mut-Choo.md,Gas Plant «Mut Choo» | Ted Tschopp,https://tedt.org/img/Site-Logo.webp,generic site logo fallback,/img/social/gamma-world-bestiary-gas-plant-mut-choo-html-social.webp
https://tedt.org/Gamma-World-Bestiary/Gazilla-Monster.html,_posts/Gamma World/2023-04-07-Gazilla-Monster.md,Gazilla Monster | Ted Tschopp,https://tedt.org/img/Site-Logo.webp,generic site logo fallback,/img/social/gamma-world-bestiary-gazilla-monster-html-social.webp
https://tedt.org/Gamma-World-Bestiary/Genetic-Flagellant.html,_posts/Gamma World/2023-04-07-Genetic-Flagellant.md,Genetic Flagellant | Ted Tschopp,https://tedt.org/img/Site-Logo.webp,generic site logo fallback,/img/social/gamma-world-bestiary-genetic-flagellant-html-social.webp
https://tedt.org/Gamma-World-Bestiary/Gholm.html,_posts/Gamma World/2023-04-07-Gholm.md,Ghol'm | Ted Tschopp,https://tedt.org/img/Site-Logo.webp,generic site logo fallback,/img/social/gamma-world-bestiary-gholm-html-social.webp
https://tedt.org/Gamma-World-Bestiary/Ghost-Trees-Narl-Ep.html,_posts/Gamma World/2023-04-07-Ghost-Trees-Narl-Ep.md,Ghost Trees «Narl Ep» | Ted Tschopp,https://tedt.org/img/Site-Logo.webp,generic site logo fallback,/img/social/gamma-world-bestiary-ghost-trees-narl-ep-html-social.webp
https://tedt.org/Gamma-World-Bestiary/Gi-Ant-Giant-Ant.html,_posts/Gamma World/2023-04-07-Gi-Ant-Giant-Ant.md,Gi-Ant «Giant Ant» | Ted Tschopp,https://tedt.org/img/Site-Logo.webp,generic site logo fallback,/img/social/gamma-world-bestiary-gi-ant-giant-ant-html-social.webp
https://tedt.org/Gamma-World-Bestiary/Gi-Ant-Huge-Giant-Ant.html,_posts/Gamma World/2023-04-07-Gi-Ant-Huge-Giant-Ant.md,Gi-Ant «Huge Giant Ant» | Ted Tschopp,https://tedt.org/img/Site-Logo.webp,generic site logo fallback,/img/social/gamma-world-bestiary-gi-ant-huge-giant-ant-html-social.webp
https://tedt.org/Gamma-World-Bestiary/Giant-Ants-Skyzorrn-Peon-(away-from-Colony).html,_posts/Gamma World/2023-04-07-Giant-Ants-Skyzorrn--Peon-(away-from-Colony).md,Giant Ants «Skyzorr'n - Peon (away from Colony)» | Ted Tschopp,https://tedt.org/img/Site-Logo.webp,generic site logo fallback,/img/social/gamma-world-bestiary-giant-ants-skyzorrn-peon-away-from-colony-html-social.webp
https://tedt.org/Gamma-World-Bestiary/Giant-Ants-Skyzorrn-Peon-(in-Colony).html,_posts/Gamma World/2023-04-07-Giant-Ants-Skyzorrn--Peon-(in-Colony).md,Giant Ants «Skyzorr'n - Peon (in Colony)» | Ted Tschopp,https://tedt.org/img/Site-Logo.webp,generic site logo fallback,/img/social/gamma-world-bestiary-giant-ants-skyzorrn-peon-in-colony-html-social.webp
https://tedt.org/Gamma-World-Bestiary/Giant-Ants-Skyzorrn-Queen-(in-Colony).html,_posts/Gamma World/2023-04-07-Giant-Ants-Skyzorrn--Queen-(in-Colony).md,Giant Ants «Skyzorr'n - Queen (in Colony)» | Ted Tschopp,https://tedt.org/img/Site-Logo.webp,generic site logo fallback,/img/social/gamma-world-bestiary-giant-ants-skyzorrn-queen-in-colony-html-social.webp
https://tedt.org/Gamma-World-Bestiary/Giant-Ants-Skyzorrn-Sacred-Warriors-(away-from-Colony).html,_posts/Gamma World/2023-04-07-Giant-Ants-Skyzorrn--Sacred-Warriors-(away-from-Colony).md,Giant Ants «Skyzorr'n - Sacred Warriors (away from Colony)» | Ted Tschopp,https://tedt.org/img/Site-Logo.webp,generic site logo fallback,/img/social/gamma-world-bestiary-giant-ants-skyzorrn-sacred-warriors-away-from-colony-html-social.webp
https://tedt.org/Gamma-World-Bestiary/Giant-Ants-Skyzorrn-Sacred-Warriors-(in-Colony).html,_posts/Gamma World/2023-04-07-Giant-Ants-Skyzorrn--Sacred-Warriors-(in-Colony).md,Giant Ants «Skyzorr'n - Sacred Warriors (in Colony)» | Ted Tschopp,https://tedt.org/img/Site-Logo.webp,generic site logo fallback,/img/social/gamma-world-bestiary-giant-ants-skyzorrn-sacred-warriors-in-colony-html-social.webp
https://tedt.org/Gamma-World-Bestiary/Giant-Ants-Skyzorrn-Warriors-(away-from-Colony).html,_posts/Gamma World/2023-04-07-Giant-Ants-Skyzorrn--Warriors-(away-from-Colony).md,Giant Ants «Skyzorr'n - Warriors (away from Colony)» | Ted Tschopp,https://tedt.org/img/Site-Logo.webp,generic site logo fallback,/img/social/gamma-world-bestiary-giant-ants-skyzorrn-warriors-away-from-colony-html-social.webp
https://tedt.org/Gamma-World-Bestiary/Giant-Ants-Skyzorrn-Warriors-(in-Colony).html,_posts/Gamma World/2023-04-07-Giant-Ants-Skyzorrn--Warriors-(in-Colony).md,Giant Ants «Skyzorr'n - Warriors (in Colony)» | Ted Tschopp,https://tedt.org/img/Site-Logo.webp,generic site logo fallback,/img/social/gamma-world-bestiary-giant-ants-skyzorrn-warriors-in-colony-html-social.webp
https://tedt.org/Gamma-World-Bestiary/Giant-Bat-Tsorsut.html,_posts/Gamma World/2023-04-07-Giant-Bat-Tsorsut.md,Giant Bat «Tsorsut» | Ted Tschopp,https://tedt.org/img/Site-Logo.webp,generic site logo fallback,/img/social/gamma-world-bestiary-giant-bat-tsorsut-html-social.webp
https://tedt.org/Gamma-World-Bestiary/Giant-Beetle-Lytid.html,_posts/Gamma World/2023-04-07-Giant-Beetle-Lytid.md,Giant Beetle «Lytid» | Ted Tschopp,https://tedt.org/img/Site-Logo.webp,generic site logo fallback,/img/social/gamma-world-bestiary-giant-beetle-lytid-html-social.webp
https://tedt.org/Gamma-World-Bestiary/Giant-Bramble-Sutkin.html,_posts/Gamma World/2023-04-07-Giant-Bramble-Sutkin.md,Giant Bramble «Sutkin» | Ted Tschopp,https://tedt.org/img/Site-Logo.webp,generic site logo fallback,/img/social/gamma-world-bestiary-giant-bramble-sutkin-html-social.webp
https://tedt.org/Gamma-World-Bestiary/Giant-Flying-White-Cat.html,_posts/Gamma World/2023-04-07-Giant-Flying-White-Cat.md,Giant Flying White Cat | Ted Tschopp,https://tedt.org/img/Site-Logo.webp,generic site logo fallback,/img/social/gamma-world-bestiary-giant-flying-white-cat-html-social.webp
https://tedt.org/Gamma-World-Bestiary/Giant-Locus-Locus.html,_posts/Gamma World/2023-04-07-Giant-Locus-Locus.md,Giant Locus «Locus» | Ted Tschopp,https://tedt.org/img/Site-Logo.webp,generic site logo fallback,/img/social/gamma-world-bestiary-giant-locus-locus-html-social.webp
https://tedt.org/Gamma-World-Bestiary/Giant-Moth-Blassut.html,_posts/Gamma World/2023-04-07-Giant-Moth-Blassut.md,Giant Moth «Blassut» | Ted Tschopp,https://tedt.org/img/Site-Logo.webp,generic site logo fallback,/img/social/gamma-world-bestiary-giant-moth-blassut-html-social.webp
https://tedt.org/Gamma-World-Bestiary/Giant-Porcupine-Suthorl.html,_posts/Gamma World/2023-04-07-Giant-Porcupine-Suthorl.md,Giant Porcupine «Suthorl» | Ted Tschopp,https://tedt.org/img/Site-Logo.webp,generic site logo fallback,/img/social/gamma-world-bestiary-giant-porcupine-suthorl-html-social.webp
https://tedt.org/Gamma-World-Bestiary/Giant-Sea-Slug-Slake.html,_posts/Gamma World/2023-04-07-Giant-Sea-Slug-Slake.md,Giant Sea Slug «Slake» | Ted Tschopp,https://tedt.org/img/Site-Logo.webp,generic site logo fallback,/img/social/gamma-world-bestiary-giant-sea-slug-slake-html-social.webp
https://tedt.org/Gamma-World-Bestiary/Giggle-Bugs-(Caterpillars).html,_posts/Gamma World/2023-04-07-Giggle-Bugs-(Caterpillars).md,Giggle Bug - Caterpillar | Ted Tschopp,https://tedt.org/img/Site-Logo.webp,generic site logo fallback,/img/social/gamma-world-bestiary-giggle-bugs-caterpillars-html-social.webp
https://tedt.org/Gamma-World-Bestiary/Giggle-Bugs-(Moths).html,_posts/Gamma World/2023-04-07-Giggle-Bugs-(Moths).md,Giggle Bug - Moths | Ted Tschopp,https://tedt.org/img/Site-Logo.webp,generic site logo fallback,/img/social/gamma-world-bestiary-giggle-bugs-moths-html-social.webp
https://tedt.org/Gamma-World-Bestiary/Glass-Dragon-Jemagon.html,_posts/Gamma World/2023-04-07-Glass-Dragon-Jemagon.md,Glass Dragon «Jemagon» | Ted Tschopp,https://tedt.org/img/Site-Logo.webp,generic site logo fallback,/img/social/gamma-world-bestiary-glass-dragon-jemagon-html-social.webp
https://tedt.org/Gamma-World-Bestiary/Gliding-Dragon-Frothgon.html,_posts/Gamma World/2023-04-07-Gliding-Dragon-Frothgon.md,Gliding Dragon «Frothgon» | Ted Tschopp,https://tedt.org/img/Site-Logo.webp,generic site logo fallback,/img/social/gamma-world-bestiary-gliding-dragon-frothgon-html-social.webp
https://tedt.org/Gamma-World-Bestiary/Glow-Mite.html,_posts/Gamma World/2023-04-07-Glow-Mite.md,Glow Mite | Ted Tschopp,https://tedt.org/img/Site-Logo.webp,generic site logo fallback,/img/social/gamma-world-bestiary-glow-mite-html-social.webp
https://tedt.org/Gamma-World-Bestiary/Glower.html,_posts/Gamma World/2023-04-07-Glower.md,Glower | Ted Tschopp,https://tedt.org/img/Site-Logo.webp,generic site logo fallback,/img/social/gamma-world-bestiary-glower-html-social.webp
https://tedt.org/Gamma-World-Bestiary/Glowers-Radiation-Zombies.html,_posts/Gamma World/2023-04-07-Glowers-Radiation-Zombies.md,Glowers «Radiation Zombies» | Ted Tschopp,https://tedt.org/img/Site-Logo.webp,generic site logo fallback,/img/social/gamma-world-bestiary-glowers-radiation-zombies-html-social.webp
https://tedt.org/Gamma-World-Bestiary/Glucust.html,_posts/Gamma World/2023-04-07-Glucust.md,Glucust | Ted Tschopp,https://tedt.org/img/Site-Logo.webp,generic site logo fallback,/img/social/gamma-world-bestiary-glucust-html-social.webp
https://tedt.org/Gamma-World-Bestiary/Gobblers-Lukalukas.html,_posts/Gamma World/2023-04-07-Gobblers-Lukalukas.md,Gobblers «Lukalukas» | Ted Tschopp,https://tedt.org/img/Site-Logo.webp,generic site logo fallback,/img/social/gamma-world-bestiary-gobblers-lukalukas-html-social.webp
https://tedt.org/Gamma-World-Bestiary/Gossamer-Butterfly.html,_posts/Gamma World/2023-04-07-Gossamer-Butterfly.md,Gossamer Butterfly | Ted Tschopp,https://tedt.org/img/Site-Logo.webp,generic site logo fallback,/img/social/gamma-world-bestiary-gossamer-butterfly-html-social.webp
https://tedt.org/Gamma-World-Bestiary/Graboid-Tremorworm.html,_posts/Gamma World/2023-04-07-Graboid-Tremorworm.md,Graboid «Tremorworm» | Ted Tschopp,https://tedt.org/img/Site-Logo.webp,generic site logo fallback,/img/social/gamma-world-bestiary-graboid-tremorworm-html-social.webp
https://tedt.org/Gamma-World-Bestiary/Greaseballs-Slippings.html,_posts/Gamma World/2023-04-07-Greaseballs-Slippings.md,Greaseballs «Slippings» | Ted Tschopp,https://tedt.org/img/Site-Logo.webp,generic site logo fallback,/img/social/gamma-world-bestiary-greaseballs-slippings-html-social.webp
https://tedt.org/Gamma-World-Bestiary/Greater-Bloodwing-CheTal.html,_posts/Gamma World/2023-04-07-Greater-Bloodwing-CheTal.md,Greater Bloodwing «Che'Tal» | Ted Tschopp,https://tedt.org/img/Site-Logo.webp,generic site logo fallback,/img/social/gamma-world-bestiary-greater-bloodwing-chetal-html-social.webp
https://tedt.org/Gamma-World-Bestiary/Green-Hissers-Gator.html,_posts/Gamma World/2023-04-07-Green-Hissers-Gator.md,Green Hissers «Gator» | Ted Tschopp,https://tedt.org/img/Site-Logo.webp,generic site logo fallback,/img/social/gamma-world-bestiary-green-hissers-gator-html-social.webp
https://tedt.org/Gamma-World-Bestiary/Green-Hissers.html,_posts/Gamma World/2023-04-07-Green-Hissers.md,Green Hissers | Ted Tschopp,https://tedt.org/img/Site-Logo.webp,generic site logo fallback,/img/social/gamma-world-bestiary-green-hissers-html-social.webp
https://tedt.org/Gamma-World-Bestiary/Green-Lantern-Tital.html,_posts/Gamma World/2023-04-07-Green-Lantern-Tital.md,Green Lantern «Ti'tal» | Ted Tschopp,https://tedt.org/img/Site-Logo.webp,generic site logo fallback,/img/social/gamma-world-bestiary-green-lantern-tital-html-social.webp
https://tedt.org/Gamma-World-Bestiary/Green-Living-Mold-Grixon.html,_posts/Gamma World/2023-04-07-Green-Living-Mold-Grixon.md,Green Living Mold «Gri'xon» | Ted Tschopp,https://tedt.org/img/Site-Logo.webp,generic site logo fallback,/img/social/gamma-world-bestiary-green-living-mold-grixon-html-social.webp
https://tedt.org/Gamma-World-Bestiary/Green-Man-Gren.html,_posts/Gamma World/2023-04-07-Green-Man-Gren.md,Green Man «Gren» | Ted Tschopp,https://tedt.org/img/Site-Logo.webp,generic site logo fallback,/img/social/gamma-world-bestiary-green-man-gren-html-social.webp
https://tedt.org/Gamma-World-Bestiary/Green-Renders-Mantis.html,_posts/Gamma World/2023-04-07-Green-Renders-Mantis.md,Green Renders «Mantis» | Ted Tschopp,https://tedt.org/img/Site-Logo.webp,generic site logo fallback,/img/social/gamma-world-bestiary-green-renders-mantis-html-social.webp
https://tedt.org/Gamma-World-Bestiary/Green-Stalkers-Sifoner.html,_posts/Gamma World/2023-04-07-Green-Stalkers-Sifoner.md,Green Stalkers «Sifoner» | Ted Tschopp,https://tedt.org/img/Site-Logo.webp,generic site logo fallback,/img/social/gamma-world-bestiary-green-stalkers-sifoner-html-social.webp
https://tedt.org/Gamma-World-Bestiary/Green-Tanglers-Win-Seen-or-Green-Winislean.html,_posts/Gamma World/2023-04-07-Green-Tanglers-Win-Seen-or-Green-Winislean.md,Green Tanglers «Win Seen or Green Winislean» | Ted Tschopp,https://tedt.org/img/Site-Logo.webp,generic site logo fallback,/img/social/gamma-world-bestiary-green-tanglers-win-seen-or-green-winislean-html-social.webp
https://tedt.org/Gamma-World-Bestiary/Greep.html,_posts/Gamma World/2023-04-07-Greep.md,Greep | Ted Tschopp,https://tedt.org/img/Site-Logo.webp,generic site logo fallback,/img/social/gamma-world-bestiary-greep-html-social.webp
https://tedt.org/Gamma-World-Bestiary/Gremlin.html,_posts/Gamma World/2023-04-07-Gremlin.md,Gremlin | Ted Tschopp,https://tedt.org/img/Site-Logo.webp,generic site logo fallback,/img/social/gamma-world-bestiary-gremlin-html-social.webp
https://tedt.org/Gamma-World-Bestiary/Grent.html,_posts/Gamma World/2023-04-07-Grent.md,Grent | Ted Tschopp,https://tedt.org/img/Site-Logo.webp,generic site logo fallback,/img/social/gamma-world-bestiary-grent-html-social.webp
https://tedt.org/Gamma-World-Bestiary/Grey-Ape-Juog.html,_posts/Gamma World/2023-04-07-Grey-Ape-Juog.md,Grey Ape «Juog» | Ted Tschopp,https://tedt.org/img/Site-Logo.webp,generic site logo fallback,/img/social/gamma-world-bestiary-grey-ape-juog-html-social.webp
https://tedt.org/Gamma-World-Bestiary/Grey-Living-Mold-Nog-lXon.html,_posts/Gamma World/2023-04-07-Grey-Living-Mold-Nog-lXon.md,Grey Living Mold «Nog l'Xon» | Ted Tschopp,https://tedt.org/img/Site-Logo.webp,generic site logo fallback,/img/social/gamma-world-bestiary-grey-living-mold-nog-lxon-html-social.webp
https://tedt.org/Gamma-World-Bestiary/Grey-Shadow-Loo-Pur.html,_posts/Gamma World/2023-04-07-Grey-Shadow-Loo-Pur.md,Grey Shadow «Loo Pur» | Ted Tschopp,https://tedt.org/img/Site-Logo.webp,generic site logo fallback,/img/social/gamma-world-bestiary-grey-shadow-loo-pur-html-social.webp
https://tedt.org/Gamma-World-Bestiary/Grillandi.html,_posts/Gamma World/2023-04-07-Grillandi.md,Grillandi | Ted Tschopp,https://tedt.org/img/Site-Logo.webp,generic site logo fallback,/img/social/gamma-world-bestiary-grillandi-html-social.webp
https://tedt.org/Gamma-World-Bestiary/Grimlock-Horde-(15).html,_posts/Gamma World/2023-04-07-Grimlock-Horde-(15).md,Grimlock Horde (15) | Ted Tschopp,https://tedt.org/img/Site-Logo.webp,generic site logo fallback,/img/social/gamma-world-bestiary-grimlock-horde-15-html-social.webp
https://tedt.org/Gamma-World-Bestiary/Gurosh.html,_posts/Gamma World/2023-04-07-Gurosh.md,Gurosh | Ted Tschopp,https://tedt.org/img/Site-Logo.webp,generic site logo fallback,/img/social/gamma-world-bestiary-gurosh-html-social.webp
https://tedt.org/Gamma-World-Bestiary/Gwyll.html,_posts/Gamma World/2023-04-07-Gwyll.md,Gwyll | Ted Tschopp,https://tedt.org/img/Site-Logo.webp,generic site logo fallback,/img/social/gamma-world-bestiary-gwyll-html-social.webp
https://tedt.org/Gamma-World-Bestiary/Hags-Sea-Crone.html,_posts/Gamma World/2023-04-07-Hags-Sea-Crone.md,Hags «Sea Crone» | Ted Tschopp,https://tedt.org/img/Site-Logo.webp,generic site logo fallback,/img/social/gamma-world-bestiary-hags-sea-crone-html-social.webp
https://tedt.org/Gamma-World-Bestiary/Harlan-Quade.html,_posts/Gamma World/2023-04-07-Harlan-Quade.md,Harlan Quade | Ted Tschopp,https://tedt.org/img/Site-Logo.webp,generic site logo fallback,/img/social/gamma-world-bestiary-harlan-quade-html-social.webp
https://tedt.org/Gamma-World-Bestiary/Hateful-Krea.html,_posts/Gamma World/2023-04-07-Hateful-Krea.md,Hateful «Krea» | Ted Tschopp,https://tedt.org/img/Site-Logo.webp,generic site logo fallback,/img/social/gamma-world-bestiary-hateful-krea-html-social.webp
https://tedt.org/Gamma-World-Bestiary/Haunted-Fruit-Tree-Seroon-Lou.html,_posts/Gamma World/2023-04-07-Haunted-Fruit-Tree-Seroon-Lou.md,Haunted Fruit Tree «Seroon Lou» | Ted Tschopp,https://tedt.org/img/Site-Logo.webp,generic site logo fallback,/img/social/gamma-world-bestiary-haunted-fruit-tree-seroon-lou-html-social.webp
https://tedt.org/Gamma-World-Bestiary/Hawk-Wolf.html,_posts/Gamma World/2023-04-07-Hawk-Wolf.md,Hawk Wolf | Ted Tschopp,https://tedt.org/img/Site-Logo.webp,generic site logo fallback,/img/social/gamma-world-bestiary-hawk-wolf-html-social.webp
https://tedt.org/Gamma-World-Bestiary/He-who-is-a-warrior-YZor.html,_posts/Gamma World/2023-04-07-He-who-is-a-warrior-YZor.md,He who is a warrior «Y'Zor» | Ted Tschopp,https://tedt.org/img/Site-Logo.webp,generic site logo fallback,/img/social/gamma-world-bestiary-he-who-is-a-warrior-yzor-html-social.webp
https://tedt.org/Gamma-World-Bestiary/Healers.html,_posts/Gamma World/2023-04-07-Healers.md,Healers | Ted Tschopp,https://tedt.org/img/Site-Logo.webp,generic site logo fallback,/img/social/gamma-world-bestiary-healers-html-social.webp
https://tedt.org/Gamma-World-Bestiary/Heavy-Construction-Bot-Engineering-Bot-Heavy-Duty.html,_posts/Gamma World/2023-04-07-Heavy-Construction-Bot-Engineering-Bot-Heavy-Duty.md,Construction Bot - Heavy «Engineering Bot - Heavy Duty» | Ted Tschopp,https://tedt.org/img/Site-Logo.webp,generic site logo fallback,/img/social/gamma-world-bestiary-heavy-construction-bot-engineering-bot-heavy-duty-html-social.webp
https://tedt.org/Gamma-World-Bestiary/Heer-Kitties-Purrlions.html,_posts/Gamma World/2023-04-07-Heer-Kitties-Purrlions.md,Heer Kitties «Purrlions» | Ted Tschopp,https://tedt.org/img/Site-Logo.webp,generic site logo fallback,/img/social/gamma-world-bestiary-heer-kitties-purrlions-html-social.webp
https://tedt.org/Gamma-World-Bestiary/Hekal-and-Jekal.html,_posts/Gamma World/2023-04-07-Hekal-and-Jekal.md,Hekal and Jekal | Ted Tschopp,https://tedt.org/img/Site-Logo.webp,generic site logo fallback,/img/social/gamma-world-bestiary-hekal-and-jekal-html-social.webp
https://tedt.org/Gamma-World-Bestiary/Hell-Fly.html,_posts/Gamma World/2023-04-07-Hell-Fly.md,Hell Fly | Ted Tschopp,https://tedt.org/img/Site-Logo.webp,generic site logo fallback,/img/social/gamma-world-bestiary-hell-fly-html-social.webp
https://tedt.org/Gamma-World-Bestiary/Hell-Worm.html,_posts/Gamma World/2023-04-07-Hell-Worm.md,Hell Worm | Ted Tschopp,https://tedt.org/img/Site-Logo.webp,generic site logo fallback,/img/social/gamma-world-bestiary-hell-worm-html-social.webp
https://tedt.org/Gamma-World-Bestiary/Hi-Snake.html,_posts/Gamma World/2023-04-07-Hi-Snake.md,Hi Snake | Ted Tschopp,https://tedt.org/img/Site-Logo.webp,generic site logo fallback,/img/social/gamma-world-bestiary-hi-snake-html-social.webp
https://tedt.org/Gamma-World-Bestiary/Hogle.html,_posts/Gamma World/2023-04-07-Hogle.md,Hogle | Ted Tschopp,https://tedt.org/img/Site-Logo.webp,generic site logo fallback,/img/social/gamma-world-bestiary-hogle-html-social.webp
https://tedt.org/Gamma-World-Bestiary/Horl-Ep.html,_posts/Gamma World/2023-04-07-Horl-Ep.md,Horl Ep | Ted Tschopp,https://tedt.org/img/Site-Logo.webp,generic site logo fallback,/img/social/gamma-world-bestiary-horl-ep-html-social.webp
https://tedt.org/Gamma-World-Bestiary/Horned-Rats-Rakrod.html,_posts/Gamma World/2023-04-07-Horned-Rats-Rakrod.md,Horned Rats «Rakrod» | Ted Tschopp,https://tedt.org/img/Site-Logo.webp,generic site logo fallback,/img/social/gamma-world-bestiary-horned-rats-rakrod-html-social.webp
https://tedt.org/Gamma-World-Bestiary/Horse-Cacti-Pineto.html,_posts/Gamma World/2023-04-07-Horse-Cacti-Pineto.md,Horse Cacti «Pineto» | Ted Tschopp,https://tedt.org/img/Site-Logo.webp,generic site logo fallback,/img/social/gamma-world-bestiary-horse-cacti-pineto-html-social.webp
https://tedt.org/Gamma-World-Bestiary/Horsy.html,_posts/Gamma World/2023-04-07-Horsy.md,Horsy | Ted Tschopp,https://tedt.org/img/Site-Logo.webp,generic site logo fallback,/img/social/gamma-world-bestiary-horsy-html-social.webp
https://tedt.org/Gamma-World-Bestiary/Hot-Desert.html,_posts/Gamma World/2023-04-07-Hot-Desert.md,Hot Desert | Ted Tschopp,https://tedt.org/img/Site-Logo.webp,generic site logo fallback,/img/social/gamma-world-bestiary-hot-desert-html-social.webp
https://tedt.org/Gamma-World-Bestiary/Hound-Folk-Ark.html,_posts/Gamma World/2023-04-07-Hound-Folk-Ark.md,Hound Folk «Ark» | Ted Tschopp,https://tedt.org/img/Site-Logo.webp,generic site logo fallback,/img/social/gamma-world-bestiary-hound-folk-ark-html-social.webp
https://tedt.org/Gamma-World-Bestiary/Hulk-Mollusk-Rustee.html,_posts/Gamma World/2023-04-07-Hulk-Mollusk-Rustee.md,Hulk Mollusk «Rust'ee» | Ted Tschopp,https://tedt.org/img/Site-Logo.webp,generic site logo fallback,/img/social/gamma-world-bestiary-hulk-mollusk-rustee-html-social.webp
https://tedt.org/Gamma-World-Bestiary/Humbug.html,_posts/Gamma World/2023-04-07-Humbug.md,Humbug | Ted Tschopp,https://tedt.org/img/Site-Logo.webp,generic site logo fallback,/img/social/gamma-world-bestiary-humbug-html-social.webp
https://tedt.org/Gamma-World-Bestiary/Hungry-Ball-Conola.html,_posts/Gamma World/2023-04-07-Hungry-Ball-Conola.md,Hungry Ball «Conola» | Ted Tschopp,https://tedt.org/img/Site-Logo.webp,generic site logo fallback,/img/social/gamma-world-bestiary-hungry-ball-conola-html-social.webp
https://tedt.org/Gamma-World-Bestiary/Hungry-Mountain-Hugoth.html,_posts/Gamma World/2023-04-07-Hungry-Mountain-Hugoth.md,Hungry Mountain «Hugoth» | Ted Tschopp,https://tedt.org/img/Site-Logo.webp,generic site logo fallback,/img/social/gamma-world-bestiary-hungry-mountain-hugoth-html-social.webp
https://tedt.org/Gamma-World-Bestiary/Hwan-Hul.html,_posts/Gamma World/2023-04-07-Hwan-Hul.md,Hwan Hul | Ted Tschopp,https://tedt.org/img/Site-Logo.webp,generic site logo fallback,/img/social/gamma-world-bestiary-hwan-hul-html-social.webp
https://tedt.org/Gamma-World-Bestiary/Hybrid-Climate-Animal.html,_posts/Gamma World/2023-04-07-Hybrid-Climate-Animal.md,Hybrid-Climate Animal | Ted Tschopp,https://tedt.org/img/Site-Logo.webp,generic site logo fallback,/img/social/gamma-world-bestiary-hybrid-climate-animal-html-social.webp
https://tedt.org/Gamma-World-Bestiary/Hydra.html,_posts/Gamma World/2023-04-07-Hydra.md,Hydra | Ted Tschopp,https://tedt.org/img/Site-Logo.webp,generic site logo fallback,/img/social/gamma-world-bestiary-hydra-html-social.webp
https://tedt.org/Gamma-World-Bestiary/Hydragen.html,_posts/Gamma World/2023-04-07-Hydragen.md,Hydragen | Ted Tschopp,https://tedt.org/img/Site-Logo.webp,generic site logo fallback,/img/social/gamma-world-bestiary-hydragen-html-social.webp
https://tedt.org/Gamma-World-Bestiary/Industrial-Robot.html,_posts/Gamma World/2023-04-07-Industrial-Robot.md,Industrial Robot | Ted Tschopp,https://tedt.org/img/Site-Logo.webp,generic site logo fallback,/img/social/gamma-world-bestiary-industrial-robot-html-social.webp
https://tedt.org/Gamma-World-Bestiary/Intensity-Beetle.html,_posts/Gamma World/2023-04-07-Intensity-Beetle.md,Intensity Beetle | Ted Tschopp,https://tedt.org/img/Site-Logo.webp,generic site logo fallback,/img/social/gamma-world-bestiary-intensity-beetle-html-social.webp
https://tedt.org/Gamma-World-Bestiary/Invisible-Glider-Srefroth.html,_posts/Gamma World/2023-04-07-Invisible-Glider-Srefroth.md,Invisible Glider «Sre'froth» | Ted Tschopp,https://tedt.org/img/Site-Logo.webp,generic site logo fallback,/img/social/gamma-world-bestiary-invisible-glider-srefroth-html-social.webp
https://tedt.org/Gamma-World-Bestiary/Iron-Beast-Smovbai.html,_posts/Gamma World/2023-04-07-Iron-Beast-Smovbai.md,Iron Beast «Smovbai» | Ted Tschopp,https://tedt.org/img/Site-Logo.webp,generic site logo fallback,/img/social/gamma-world-bestiary-iron-beast-smovbai-html-social.webp
https://tedt.org/Gamma-World-Bestiary/Itchy.html,_posts/Gamma World/2023-04-07-Itchy.md,Itchy | Ted Tschopp,https://tedt.org/img/Site-Logo.webp,generic site logo fallback,/img/social/gamma-world-bestiary-itchy-html-social.webp
https://tedt.org/Gamma-World-Bestiary/Itchys-Horse.html,_posts/Gamma World/2023-04-07-Itchys-Horse.md,Itchy's Horse | Ted Tschopp,https://tedt.org/img/Site-Logo.webp,generic site logo fallback,/img/social/gamma-world-bestiary-itchys-horse-html-social.webp
https://tedt.org/Gamma-World-Bestiary/Itchys-Other-Horse.html,_posts/Gamma World/2023-04-07-Itchys-Other-Horse.md,Itchy's Other Horse | Ted Tschopp,https://tedt.org/img/Site-Logo.webp,generic site logo fallback,/img/social/gamma-world-bestiary-itchys-other-horse-html-social.webp
https://tedt.org/Gamma-World-Bestiary/Jackalopes-Hopper.html,_posts/Gamma World/2023-04-07-Jackalopes-Hopper.md,Jackalopes «Hopper» | Ted Tschopp,https://tedt.org/img/Site-Logo.webp,generic site logo fallback,/img/social/gamma-world-bestiary-jackalopes-hopper-html-social.webp
https://tedt.org/Gamma-World-Bestiary/Jadea.html,_posts/Gamma World/2023-04-07-Jadea.md,Jadea | Ted Tschopp,https://tedt.org/img/Site-Logo.webp,generic site logo fallback,/img/social/gamma-world-bestiary-jadea-html-social.webp
https://tedt.org/Gamma-World-Bestiary/Jeremiah-Coot.html,_posts/Gamma World/2023-04-07-Jeremiah-Coot.md,Jeremiah Coot | Ted Tschopp,https://tedt.org/img/Site-Logo.webp,generic site logo fallback,/img/social/gamma-world-bestiary-jeremiah-coot-html-social.webp
https://tedt.org/Gamma-World-Bestiary/Jetder.html,_posts/Gamma World/2023-04-07-Jetder.md,Jetder | Ted Tschopp,https://tedt.org/img/Site-Logo.webp,generic site logo fallback,/img/social/gamma-world-bestiary-jetder-html-social.webp
https://tedt.org/Gamma-World-Bestiary/Jocko.html,_posts/Gamma World/2023-04-07-Jocko.md,Jocko | Ted Tschopp,https://tedt.org/img/Site-Logo.webp,generic site logo fallback,/img/social/gamma-world-bestiary-jocko-html-social.webp
https://tedt.org/Gamma-World-Bestiary/Jonn-Dukas.html,_posts/Gamma World/2023-04-07-Jonn-Dukas.md,Jonn Dukas | Ted Tschopp,https://tedt.org/img/Site-Logo.webp,generic site logo fallback,/img/social/gamma-world-bestiary-jonn-dukas-html-social.webp
https://tedt.org/Gamma-World-Bestiary/Jumping-Spiders-Vilchneks.html,_posts/Gamma World/2023-04-07-Jumping-Spiders-Vilchneks.md,Jumping Spiders «Vilchneks» | Ted Tschopp,https://tedt.org/img/Site-Logo.webp,generic site logo fallback,/img/social/gamma-world-bestiary-jumping-spiders-vilchneks-html-social.webp
https://tedt.org/Gamma-World-Bestiary/Killer-Turtles-Niregs.html,_posts/Gamma World/2023-04-07-Killer-Turtles-Niregs.md,Killer Turtles «Niregs» | Ted Tschopp,https://tedt.org/img/Site-Logo.webp,generic site logo fallback,/img/social/gamma-world-bestiary-killer-turtles-niregs-html-social.webp
https://tedt.org/Gamma-World-Bestiary/KillerRobot.html,_posts/Gamma World/2023-04-07-KillerRobot.md,KillerRobot | Ted Tschopp,https://tedt.org/img/Site-Logo.webp,generic site logo fallback,/img/social/gamma-world-bestiary-killerrobot-html-social.webp
https://tedt.org/Gamma-World-Bestiary/Killing-Cloud.html,_posts/Gamma World/2023-04-07-Killing-Cloud.md,Killing Cloud | Ted Tschopp,https://tedt.org/img/Site-Logo.webp,generic site logo fallback,/img/social/gamma-world-bestiary-killing-cloud-html-social.webp
https://tedt.org/Gamma-World-Bestiary/King-Rats-Squeeker.html,_posts/Gamma World/2023-04-07-King-Rats-Squeeker.md,King Rats «Squeeker» | Ted Tschopp,https://tedt.org/img/Site-Logo.webp,generic site logo fallback,/img/social/gamma-world-bestiary-king-rats-squeeker-html-social.webp
https://tedt.org/Gamma-World-Bestiary/Klicky.html,_posts/Gamma World/2023-04-07-Klicky.md,Klicky | Ted Tschopp,https://tedt.org/img/Site-Logo.webp,generic site logo fallback,/img/social/gamma-world-bestiary-klicky-html-social.webp
https://tedt.org/Gamma-World-Bestiary/Klonoid-Ooz-Blen.html,_posts/Gamma World/2023-04-07-Klonoid-Ooz-Blen.md,Klonoid «Ooz Blen» | Ted Tschopp,https://tedt.org/img/Site-Logo.webp,generic site logo fallback,/img/social/gamma-world-bestiary-klonoid-ooz-blen-html-social.webp
https://tedt.org/Gamma-World-Bestiary/Kooda.html,_posts/Gamma World/2023-04-07-Kooda.md,Kooda | Ted Tschopp,https://tedt.org/img/Site-Logo.webp,generic site logo fallback,/img/social/gamma-world-bestiary-kooda-html-social.webp
https://tedt.org/Gamma-World-Bestiary/Krone.html,_posts/Gamma World/2023-04-07-Krone.md,Krone | Ted Tschopp,https://tedt.org/img/Site-Logo.webp,generic site logo fallback,/img/social/gamma-world-bestiary-krone-html-social.webp
https://tedt.org/Gamma-World-Bestiary/Krull.html,_posts/Gamma World/2023-04-07-Krull.md,Krull | Ted Tschopp,https://tedt.org/img/Site-Logo.webp,generic site logo fallback,/img/social/gamma-world-bestiary-krull-html-social.webp
https://tedt.org/Gamma-World-Bestiary/Kudzu-Hertlcul.html,_posts/Gamma World/2023-04-07-Kudzu-Hertlcul.md,Kud'zu Hert'l'cul | Ted Tschopp,https://tedt.org/img/Site-Logo.webp,generic site logo fallback,/img/social/gamma-world-bestiary-kudzu-hertlcul-html-social.webp
https://tedt.org/Gamma-World-Bestiary/Lampor.html,_posts/Gamma World/2023-04-07-Lampor.md,Lampor | Ted Tschopp,https://tedt.org/img/Site-Logo.webp,generic site logo fallback,/img/social/gamma-world-bestiary-lampor-html-social.webp
https://tedt.org/Gamma-World-Bestiary/Land-Crep-Crep-Red.html,_posts/Gamma World/2023-04-07-Land-Crep-Crep-Red.md,"Land Crep «Crep, Red» | Ted Tschopp",https://tedt.org/img/Site-Logo.webp,generic site logo fallback,/img/social/gamma-world-bestiary-land-crep-crep-red-html-social.webp
https://tedt.org/Gamma-World-Bestiary/Land-Sharks-Sep-Sand.html,_posts/Gamma World/2023-04-07-Land-Sharks-Sep-Sand.md,"Land Sharks «Sep, Sand» | Ted Tschopp",https://tedt.org/img/Site-Logo.webp,generic site logo fallback,/img/social/gamma-world-bestiary-land-sharks-sep-sand-html-social.webp
https://tedt.org/Gamma-World-Bestiary/Land-Sharks-Sep-Snow.html,_posts/Gamma World/2023-04-07-Land-Sharks-Sep-Snow.md,"Land Sharks «Sep, Snow» | Ted Tschopp",https://tedt.org/img/Site-Logo.webp,generic site logo fallback,/img/social/gamma-world-bestiary-land-sharks-sep-snow-html-social.webp
https://tedt.org/Gamma-World-Bestiary/Land-Worm-Mutha.html,_posts/Gamma World/2023-04-07-Land-Worm-Mutha.md,Land Worm «Mutha» | Ted Tschopp,https://tedt.org/img/Site-Logo.webp,generic site logo fallback,/img/social/gamma-world-bestiary-land-worm-mutha-html-social.webp
https://tedt.org/Gamma-World-Bestiary/LanternBug.html,_posts/Gamma World/2023-04-07-LanternBug.md,LanternBug | Ted Tschopp,https://tedt.org/img/Site-Logo.webp,generic site logo fallback,/img/social/gamma-world-bestiary-lanternbug-html-social.webp
https://tedt.org/Gamma-World-Bestiary/Larry.html,_posts/Gamma World/2023-04-07-Larry.md,Larry | Ted Tschopp,https://tedt.org/img/Site-Logo.webp,generic site logo fallback,/img/social/gamma-world-bestiary-larry-html-social.webp
https://tedt.org/Gamma-World-Bestiary/Laser-Gun-Battery.html,_posts/Gamma World/2023-04-07-Laser-Gun-Battery.md,Laser Gun Battery | Ted Tschopp,https://tedt.org/img/Site-Logo.webp,generic site logo fallback,/img/social/gamma-world-bestiary-laser-gun-battery-html-social.webp
https://tedt.org/Gamma-World-Bestiary/Leapers-Kreel-Torrn.html,_posts/Gamma World/2023-04-07-Leapers-Kreel-Torrn.md,Leapers «Kreel Torrn» | Ted Tschopp,https://tedt.org/img/Site-Logo.webp,generic site logo fallback,/img/social/gamma-world-bestiary-leapers-kreel-torrn-html-social.webp
https://tedt.org/Gamma-World-Bestiary/LeeGosi-Vath.html,_posts/Gamma World/2023-04-07-LeeGosi-Vath.md,Lee'Gosi «Vath» | Ted Tschopp,https://tedt.org/img/Site-Logo.webp,generic site logo fallback,/img/social/gamma-world-bestiary-leegosi-vath-html-social.webp
https://tedt.org/Gamma-World-Bestiary/Lemmink.html,_posts/Gamma World/2023-04-07-Lemmink.md,Lemmink | Ted Tschopp,https://tedt.org/img/Site-Logo.webp,generic site logo fallback,/img/social/gamma-world-bestiary-lemmink-html-social.webp
https://tedt.org/Gamma-World-Bestiary/Lesser-Bloodwing-JoTal.html,_posts/Gamma World/2023-04-07-Lesser-Bloodwing-JoTal.md,Lesser Bloodwing «Jo'Tal» | Ted Tschopp,https://tedt.org/img/Site-Logo.webp,generic site logo fallback,/img/social/gamma-world-bestiary-lesser-bloodwing-jotal-html-social.webp
https://tedt.org/Gamma-World-Bestiary/Letharp.html,_posts/Gamma World/2023-04-07-Letharp.md,Letharp | Ted Tschopp,https://tedt.org/img/Site-Logo.webp,generic site logo fallback,/img/social/gamma-world-bestiary-letharp-html-social.webp
https://tedt.org/Gamma-World-Bestiary/Lieutenant-Kulebra.html,_posts/Gamma World/2023-04-07-Lieutenant-Kulebra.md,Lieutenant Kulebra | Ted Tschopp,https://tedt.org/img/Site-Logo.webp,generic site logo fallback,/img/social/gamma-world-bestiary-lieutenant-kulebra-html-social.webp
https://tedt.org/Gamma-World-Bestiary/Life-Leech.html,_posts/Gamma World/2023-04-07-Life-Leech.md,Life Leech | Ted Tschopp,https://tedt.org/img/Site-Logo.webp,generic site logo fallback,/img/social/gamma-world-bestiary-life-leech-html-social.webp
https://tedt.org/Gamma-World-Bestiary/Light-Cargo-Bot-Cargo-Transport-Small.html,_posts/Gamma World/2023-04-07-Light-Cargo-Bot-Cargo-Transport--Small.md,Light Cargo Bot «Cargo Transport - Small» | Ted Tschopp,https://tedt.org/img/Site-Logo.webp,generic site logo fallback,/img/social/gamma-world-bestiary-light-cargo-bot-cargo-transport-small-html-social.webp
https://tedt.org/Gamma-World-Bestiary/Light-Cargolifter-Cargolifter-Light.html,_posts/Gamma World/2023-04-07-Light-Cargolifter-Cargolifter--Light.md,Light Cargolifter «Cargolifter - Light» | Ted Tschopp,https://tedt.org/img/Site-Logo.webp,generic site logo fallback,/img/social/gamma-world-bestiary-light-cargolifter-cargolifter-light-html-social.webp
https://tedt.org/Gamma-World-Bestiary/Light-Construction-Bot-Engineering-Bot-Light-Duty.html,_posts/Gamma World/2023-04-07-Light-Construction-Bot-Engineering-Bot-Light-Duty.md,Construction Bot - Light «Engineering Bot - Light Duty» | Ted Tschopp,https://tedt.org/img/Site-Logo.webp,generic site logo fallback,/img/social/gamma-world-bestiary-light-construction-bot-engineering-bot-light-duty-html-social.webp
https://tedt.org/Gamma-World-Bestiary/Lion-Men.html,_posts/Gamma World/2023-04-07-Lion-Men.md,Lion Men | Ted Tschopp,https://tedt.org/img/Site-Logo.webp,generic site logo fallback,/img/social/gamma-world-bestiary-lion-men-html-social.webp
https://tedt.org/Gamma-World-Bestiary/Living-Ice-Mold-Hyrixon.html,_posts/Gamma World/2023-04-07-Living-Ice-Mold-Hyrixon.md,Living Ice Mold «Hyri'xon» | Ted Tschopp,https://tedt.org/img/Site-Logo.webp,generic site logo fallback,/img/social/gamma-world-bestiary-living-ice-mold-hyrixon-html-social.webp
https://tedt.org/Gamma-World-Bestiary/Lizard-Bushes-Kai-Lin.html,_posts/Gamma World/2023-04-07-Lizard-Bushes-Kai-Lin.md,Lizard Bushes «Kai Lin» | Ted Tschopp,https://tedt.org/img/Site-Logo.webp,generic site logo fallback,/img/social/gamma-world-bestiary-lizard-bushes-kai-lin-html-social.webp
https://tedt.org/Gamma-World-Bestiary/Lizard-Steeds.html,_posts/Gamma World/2023-04-07-Lizard-Steeds.md,Lizard Steeds | Ted Tschopp,https://tedt.org/img/Site-Logo.webp,generic site logo fallback,/img/social/gamma-world-bestiary-lizard-steeds-html-social.webp
https://tedt.org/Gamma-World-Bestiary/Lobsterfish.html,_posts/Gamma World/2023-04-07-Lobsterfish.md,Lobsterfish | Ted Tschopp,https://tedt.org/img/Site-Logo.webp,generic site logo fallback,/img/social/gamma-world-bestiary-lobsterfish-html-social.webp
https://tedt.org/Gamma-World-Bestiary/Locobot-Locomotive-Control-Bot.html,_posts/Gamma World/2023-04-07-Locobot-Locomotive-Control-Bot.md,Locobot «Locomotive Control Bot» | Ted Tschopp,https://tedt.org/img/Site-Logo.webp,generic site logo fallback,/img/social/gamma-world-bestiary-locobot-locomotive-control-bot-html-social.webp
https://tedt.org/Gamma-World-Bestiary/Lohan.html,_posts/Gamma World/2023-04-07-Lohan.md,Lohan | Ted Tschopp,https://tedt.org/img/Site-Logo.webp,generic site logo fallback,/img/social/gamma-world-bestiary-lohan-html-social.webp
https://tedt.org/Gamma-World-Bestiary/Longhorn.html,_posts/Gamma World/2023-04-07-Longhorn.md,Longhorn | Ted Tschopp,https://tedt.org/img/Site-Logo.webp,generic site logo fallback,/img/social/gamma-world-bestiary-longhorn-html-social.webp
https://tedt.org/Gamma-World-Bestiary/Luk.html,_posts/Gamma World/2023-04-07-Luk.md,Luk | Ted Tschopp,https://tedt.org/img/Site-Logo.webp,generic site logo fallback,/img/social/gamma-world-bestiary-luk-html-social.webp
https://tedt.org/Gamma-World-Bestiary/Lunatic-Eater.html,_posts/Gamma World/2023-04-07-Lunatic-Eater.md,Lunatic Eater | Ted Tschopp,https://tedt.org/img/Site-Logo.webp,generic site logo fallback,/img/social/gamma-world-bestiary-lunatic-eater-html-social.webp
https://tedt.org/Gamma-World-Bestiary/Lurker.html,_posts/Gamma World/2023-04-07-Lurker.md,Lurker | Ted Tschopp,https://tedt.org/img/Site-Logo.webp,generic site logo fallback,/img/social/gamma-world-bestiary-lurker-html-social.webp
https://tedt.org/Gamma-World-Bestiary/Maali.html,_posts/Gamma World/2023-04-07-Maali.md,Maali | Ted Tschopp,https://tedt.org/img/Site-Logo.webp,generic site logo fallback,/img/social/gamma-world-bestiary-maali-html-social.webp
https://tedt.org/Gamma-World-Bestiary/Magilla-Ape-Carnivorous.html,_posts/Gamma World/2023-04-07-Magilla-Ape-Carnivorous.md,"Magilla «Ape, Carnivorous» | Ted Tschopp",https://tedt.org/img/Site-Logo.webp,generic site logo fallback,/img/social/gamma-world-bestiary-magilla-ape-carnivorous-html-social.webp
https://tedt.org/Gamma-World-Bestiary/Major-Kan-Trell.html,_posts/Gamma World/2023-04-07-Major-Kan-Trell.md,Major Kan-Trell | Ted Tschopp,https://tedt.org/img/Site-Logo.webp,generic site logo fallback,/img/social/gamma-world-bestiary-major-kan-trell-html-social.webp
https://tedt.org/Gamma-World-Bestiary/Major-Konnar.html,_posts/Gamma World/2023-04-07-Major-Konnar.md,Major Konnar | Ted Tschopp,https://tedt.org/img/Site-Logo.webp,generic site logo fallback,/img/social/gamma-world-bestiary-major-konnar-html-social.webp
https://tedt.org/Gamma-World-Bestiary/Makeen.html,_posts/Gamma World/2023-04-07-Makeen.md,Makeen | Ted Tschopp,https://tedt.org/img/Site-Logo.webp,generic site logo fallback,/img/social/gamma-world-bestiary-makeen-html-social.webp
https://tedt.org/Gamma-World-Bestiary/Mal-Tonas.html,_posts/Gamma World/2023-04-07-Mal-Tonas.md,Mal Tonas | Ted Tschopp,https://tedt.org/img/Site-Logo.webp,generic site logo fallback,/img/social/gamma-world-bestiary-mal-tonas-html-social.webp
https://tedt.org/Gamma-World-Bestiary/Man-Beast-Equinoid.html,_posts/Gamma World/2023-04-07-Man-Beast-Equinoid.md,Man-Beast «Equinoid» | Ted Tschopp,https://tedt.org/img/Site-Logo.webp,generic site logo fallback,/img/social/gamma-world-bestiary-man-beast-equinoid-html-social.webp
https://tedt.org/Gamma-World-Bestiary/Man-Fish-Fen.html,_posts/Gamma World/2023-04-07-Man-Fish-Fen.md,Man-Fish «Fen» | Ted Tschopp,https://tedt.org/img/Site-Logo.webp,generic site logo fallback,/img/social/gamma-world-bestiary-man-fish-fen-html-social.webp
https://tedt.org/Gamma-World-Bestiary/Man-Snakes-Hisser.html,_posts/Gamma World/2023-04-07-Man-Snakes-Hisser.md,Man Snakes «Hisser» | Ted Tschopp,https://tedt.org/img/Site-Logo.webp,generic site logo fallback,/img/social/gamma-world-bestiary-man-snakes-hisser-html-social.webp
https://tedt.org/Gamma-World-Bestiary/Man-o-War-Armada.html,_posts/Gamma World/2023-04-07-Man-o-War-Armada.md,Man-o-War «Armada» | Ted Tschopp,https://tedt.org/img/Site-Logo.webp,generic site logo fallback,/img/social/gamma-world-bestiary-man-o-war-armada-html-social.webp
https://tedt.org/Gamma-World-Bestiary/Manhunter-Communications-Drone.html,_posts/Gamma World/2023-04-07-Manhunter--Communications-Drone.md,Manhunter - Communications Drone | Ted Tschopp,https://tedt.org/img/Site-Logo.webp,generic site logo fallback,/img/social/gamma-world-bestiary-manhunter-communications-drone-html-social.webp
https://tedt.org/Gamma-World-Bestiary/Manhunter-Underground-Drone.html,_posts/Gamma World/2023-04-07-Manhunter--Underground-Drone.md,Manhunter - Underground Drone | Ted Tschopp,https://tedt.org/img/Site-Logo.webp,generic site logo fallback,/img/social/gamma-world-bestiary-manhunter-underground-drone-html-social.webp
https://tedt.org/Gamma-World-Bestiary/Mantrap.html,_posts/Gamma World/2023-04-07-Mantrap.md,Mantrap | Ted Tschopp,https://tedt.org/img/Site-Logo.webp,generic site logo fallback,/img/social/gamma-world-bestiary-mantrap-html-social.webp
https://tedt.org/Gamma-World-Bestiary/Markus-Dema.html,_posts/Gamma World/2023-04-07-Markus-Dema.md,Markus Dema | Ted Tschopp,https://tedt.org/img/Site-Logo.webp,generic site logo fallback,/img/social/gamma-world-bestiary-markus-dema-html-social.webp
https://tedt.org/Gamma-World-Bestiary/Master-Dragon-Sergon.html,_posts/Gamma World/2023-04-07-Master-Dragon-Sergon.md,Master Dragon «Sergon» | Ted Tschopp,https://tedt.org/img/Site-Logo.webp,generic site logo fallback,/img/social/gamma-world-bestiary-master-dragon-sergon-html-social.webp
https://tedt.org/Gamma-World-Bestiary/MayJir.html,_posts/Gamma World/2023-04-07-MayJir.md,May'Jir | Ted Tschopp,https://tedt.org/img/Site-Logo.webp,generic site logo fallback,/img/social/gamma-world-bestiary-mayjir-html-social.webp
https://tedt.org/Gamma-World-Bestiary/Mayday-Bug-Euryl.html,_posts/Gamma World/2023-04-07-Mayday-Bug-Euryl.md,Mayday Bug «Euryl» | Ted Tschopp,https://tedt.org/img/Site-Logo.webp,generic site logo fallback,/img/social/gamma-world-bestiary-mayday-bug-euryl-html-social.webp
https://tedt.org/Gamma-World-Bestiary/Medbot-Medical-Robotoid.html,_posts/Gamma World/2023-04-07-Medbot-Medical-Robotoid.md,Medbot «Medical Robotoid» | Ted Tschopp,https://tedt.org/img/Site-Logo.webp,generic site logo fallback,/img/social/gamma-world-bestiary-medbot-medical-robotoid-html-social.webp
https://tedt.org/Gamma-World-Bestiary/Medicant.html,_posts/Gamma World/2023-04-07-Medicant.md,Medicant | Ted Tschopp,https://tedt.org/img/Site-Logo.webp,generic site logo fallback,/img/social/gamma-world-bestiary-medicant-html-social.webp
https://tedt.org/Gamma-World-Bestiary/Mediterranean.html,_posts/Gamma World/2023-04-07-Mediterranean.md,Mediterranean | Ted Tschopp,https://tedt.org/img/Site-Logo.webp,generic site logo fallback,/img/social/gamma-world-bestiary-mediterranean-html-social.webp
https://tedt.org/Gamma-World-Bestiary/Mentus.html,_posts/Gamma World/2023-04-07-Mentus.md,Mentus | Ted Tschopp,https://tedt.org/img/Site-Logo.webp,generic site logo fallback,/img/social/gamma-world-bestiary-mentus-html-social.webp
https://tedt.org/Gamma-World-Bestiary/Mer-kind.html,_posts/Gamma World/2023-04-07-Mer-kind.md,Mer-kind | Ted Tschopp,https://tedt.org/img/Site-Logo.webp,generic site logo fallback,/img/social/gamma-world-bestiary-mer-kind-html-social.webp
https://tedt.org/Gamma-World-Bestiary/Metal-Microbe.html,_posts/Gamma World/2023-04-07-Metal-Microbe.md,Metal Microbe | Ted Tschopp,https://tedt.org/img/Site-Logo.webp,generic site logo fallback,/img/social/gamma-world-bestiary-metal-microbe-html-social.webp
https://tedt.org/Gamma-World-Bestiary/Metrovore-Swarm.html,_posts/Gamma World/2023-04-07-Metrovore-Swarm.md,Metrovore Swarm | Ted Tschopp,https://tedt.org/img/Site-Logo.webp,generic site logo fallback,/img/social/gamma-world-bestiary-metrovore-swarm-html-social.webp
https://tedt.org/Gamma-World-Bestiary/Microreebdor.html,_posts/Gamma World/2023-04-07-Microreebdor.md,Microreebdor | Ted Tschopp,https://tedt.org/img/Site-Logo.webp,generic site logo fallback,/img/social/gamma-world-bestiary-microreebdor-html-social.webp
https://tedt.org/Gamma-World-Bestiary/Mimic-Plant.html,_posts/Gamma World/2023-04-07-Mimic-Plant.md,Mimic Plant | Ted Tschopp,https://tedt.org/img/Site-Logo.webp,generic site logo fallback,/img/social/gamma-world-bestiary-mimic-plant-html-social.webp
https://tedt.org/Gamma-World-Bestiary/Mimic.html,_posts/Gamma World/2023-04-07-Mimic.md,Mimic | Ted Tschopp,https://tedt.org/img/Site-Logo.webp,generic site logo fallback,/img/social/gamma-world-bestiary-mimic-html-social.webp
https://tedt.org/Gamma-World-Bestiary/Mind-Singers-Psirens.html,_posts/Gamma World/2023-04-07-Mind-Singers-Psirens.md,Mind Singers «Psirens» | Ted Tschopp,https://tedt.org/img/Site-Logo.webp,generic site logo fallback,/img/social/gamma-world-bestiary-mind-singers-psirens-html-social.webp
https://tedt.org/Gamma-World-Bestiary/MindaRay.html,_posts/Gamma World/2023-04-07-MindaRay.md,MindaRay | Ted Tschopp,https://tedt.org/img/Site-Logo.webp,generic site logo fallback,/img/social/gamma-world-bestiary-mindaray-html-social.webp
https://tedt.org/Gamma-World-Bestiary/Mingos.html,_posts/Gamma World/2023-04-07-Mingos.md,Mingos | Ted Tschopp,https://tedt.org/img/Site-Logo.webp,generic site logo fallback,/img/social/gamma-world-bestiary-mingos-html-social.webp
https://tedt.org/Gamma-World-Bestiary/Miniature-Animal-Medium.html,_posts/Gamma World/2023-04-07-Miniature-Animal-Medium.md,"Miniature Animal, Medium | Ted Tschopp",https://tedt.org/img/Site-Logo.webp,generic site logo fallback,/img/social/gamma-world-bestiary-miniature-animal-medium-html-social.webp
https://tedt.org/Gamma-World-Bestiary/Miniature-Animal-Tiny.html,_posts/Gamma World/2023-04-07-Miniature-Animal-Tiny.md,"Miniature Animal, Tiny | Ted Tschopp",https://tedt.org/img/Site-Logo.webp,generic site logo fallback,/img/social/gamma-world-bestiary-miniature-animal-tiny-html-social.webp
https://tedt.org/Gamma-World-Bestiary/Miniji.html,_posts/Gamma World/2023-04-07-Miniji.md,Miniji | Ted Tschopp,https://tedt.org/img/Site-Logo.webp,generic site logo fallback,/img/social/gamma-world-bestiary-miniji-html-social.webp
https://tedt.org/Gamma-World-Bestiary/Miracle-Goo.html,_posts/Gamma World/2023-04-07-Miracle-Goo.md,Miracle Goo | Ted Tschopp,https://tedt.org/img/Site-Logo.webp,generic site logo fallback,/img/social/gamma-world-bestiary-miracle-goo-html-social.webp
https://tedt.org/Gamma-World-Bestiary/Mirrored-Ones-Omnitar.html,_posts/Gamma World/2023-04-07-Mirrored-Ones-Omnitar.md,Mirrored Ones «Omnitar» | Ted Tschopp,https://tedt.org/img/Site-Logo.webp,generic site logo fallback,/img/social/gamma-world-bestiary-mirrored-ones-omnitar-html-social.webp
https://tedt.org/Gamma-World-Bestiary/Mississippi-Brainhound.html,_posts/Gamma World/2023-04-07-Mississippi-Brainhound.md,Mississippi Brainhound | Ted Tschopp,https://tedt.org/img/Site-Logo.webp,generic site logo fallback,/img/social/gamma-world-bestiary-mississippi-brainhound-html-social.webp
https://tedt.org/Gamma-World-Bestiary/Mist-Spider.html,_posts/Gamma World/2023-04-07-Mist-Spider.md,Mist Spider | Ted Tschopp,https://tedt.org/img/Site-Logo.webp,generic site logo fallback,/img/social/gamma-world-bestiary-mist-spider-html-social.webp
https://tedt.org/Gamma-World-Bestiary/Mollin.html,_posts/Gamma World/2023-04-07-Mollin.md,Mollin | Ted Tschopp,https://tedt.org/img/Site-Logo.webp,generic site logo fallback,/img/social/gamma-world-bestiary-mollin-html-social.webp
https://tedt.org/Gamma-World-Bestiary/Mongo-M-NG0.html,_posts/Gamma World/2023-04-07-Mongo-M-NG0.md,Mongo «M-NG0» | Ted Tschopp,https://tedt.org/img/Site-Logo.webp,generic site logo fallback,/img/social/gamma-world-bestiary-mongo-m-ng0-html-social.webp
https://tedt.org/Gamma-World-Bestiary/Moving-Barricade-Quanakus.html,_posts/Gamma World/2023-04-07-Moving-Barricade-Quanakus.md,Moving Barricade «Quanakus» | Ted Tschopp,https://tedt.org/img/Site-Logo.webp,generic site logo fallback,/img/social/gamma-world-bestiary-moving-barricade-quanakus-html-social.webp
https://tedt.org/Gamma-World-Bestiary/Muse-Device.html,_posts/Gamma World/2023-04-07-Muse-Device.md,Muse Device | Ted Tschopp,https://tedt.org/img/Site-Logo.webp,generic site logo fallback,/img/social/gamma-world-bestiary-muse-device-html-social.webp
https://tedt.org/Gamma-World-Bestiary/Mutated-Bears.html,_posts/Gamma World/2023-04-07-Mutated-Bears.md,Mutated Bears | Ted Tschopp,https://tedt.org/img/Site-Logo.webp,generic site logo fallback,/img/social/gamma-world-bestiary-mutated-bears-html-social.webp
https://tedt.org/Gamma-World-Bestiary/Mutated-Chuckwalla.html,_posts/Gamma World/2023-04-07-Mutated-Chuckwalla.md,Mutated Chuckwalla | Ted Tschopp,https://tedt.org/img/Site-Logo.webp,generic site logo fallback,/img/social/gamma-world-bestiary-mutated-chuckwalla-html-social.webp
https://tedt.org/Gamma-World-Bestiary/Mutated-Houseplant.html,_posts/Gamma World/2023-04-07-Mutated-Houseplant.md,Mutated Houseplant | Ted Tschopp,https://tedt.org/img/Site-Logo.webp,generic site logo fallback,/img/social/gamma-world-bestiary-mutated-houseplant-html-social.webp
https://tedt.org/Gamma-World-Bestiary/Mutated-Raccoons.html,_posts/Gamma World/2023-04-07-Mutated-Raccoons.md,Mutated Raccoons | Ted Tschopp,https://tedt.org/img/Site-Logo.webp,generic site logo fallback,/img/social/gamma-world-bestiary-mutated-raccoons-html-social.webp
https://tedt.org/Gamma-World-Bestiary/Mutated-Rat.html,_posts/Gamma World/2023-04-07-Mutated-Rat.md,Mutated Rat | Ted Tschopp,https://tedt.org/img/Site-Logo.webp,generic site logo fallback,/img/social/gamma-world-bestiary-mutated-rat-html-social.webp
https://tedt.org/Gamma-World-Bestiary/Mutated-Scorpion.html,_posts/Gamma World/2023-04-07-Mutated-Scorpion.md,Mutated Scorpion | Ted Tschopp,https://tedt.org/img/Site-Logo.webp,generic site logo fallback,/img/social/gamma-world-bestiary-mutated-scorpion-html-social.webp
https://tedt.org/Gamma-World-Bestiary/Mutated-monkey-Nosferat.html,_posts/Gamma World/2023-04-07-Mutated-monkey-Nosferat.md,Mutated monkey «Nos'ferat» | Ted Tschopp,https://tedt.org/img/Site-Logo.webp,generic site logo fallback,/img/social/gamma-world-bestiary-mutated-monkey-nosferat-html-social.webp
https://tedt.org/Gamma-World-Bestiary/N-Falcon.html,_posts/Gamma World/2023-04-07-N-Falcon.md,N-Falcon | Ted Tschopp,https://tedt.org/img/Site-Logo.webp,generic site logo fallback,/img/social/gamma-world-bestiary-n-falcon-html-social.webp
https://tedt.org/Gamma-World-Bestiary/NYark.html,_posts/Gamma World/2023-04-07-NYark.md,N'Yark | Ted Tschopp,https://tedt.org/img/Site-Logo.webp,generic site logo fallback,/img/social/gamma-world-bestiary-nyark-html-social.webp
https://tedt.org/Gamma-World-Bestiary/Naomi.html,_posts/Gamma World/2023-04-07-Naomi.md,Naomi | Ted Tschopp,https://tedt.org/img/Site-Logo.webp,generic site logo fallback,/img/social/gamma-world-bestiary-naomi-html-social.webp
https://tedt.org/Gamma-World-Bestiary/Necrophage.html,_posts/Gamma World/2023-04-07-Necrophage.md,Necrophage | Ted Tschopp,https://tedt.org/img/Site-Logo.webp,generic site logo fallback,/img/social/gamma-world-bestiary-necrophage-html-social.webp
https://tedt.org/Gamma-World-Bestiary/NewFlesh.html,_posts/Gamma World/2023-04-07-NewFlesh.md,NewFlesh | Ted Tschopp,https://tedt.org/img/Site-Logo.webp,generic site logo fallback,/img/social/gamma-world-bestiary-newflesh-html-social.webp
https://tedt.org/Gamma-World-Bestiary/Niktoth.html,_posts/Gamma World/2023-04-07-Niktoth.md,Nik'toth | Ted Tschopp,https://tedt.org/img/Site-Logo.webp,generic site logo fallback,/img/social/gamma-world-bestiary-niktoth-html-social.webp
https://tedt.org/Gamma-World-Bestiary/Nitrodjinn.html,_posts/Gamma World/2023-04-07-Nitrodjinn.md,Nitrodjinn | Ted Tschopp,https://tedt.org/img/Site-Logo.webp,generic site logo fallback,/img/social/gamma-world-bestiary-nitrodjinn-html-social.webp
https://tedt.org/Gamma-World-Bestiary/Noctate.html,_posts/Gamma World/2023-04-07-Noctate.md,Noctate | Ted Tschopp,https://tedt.org/img/Site-Logo.webp,generic site logo fallback,/img/social/gamma-world-bestiary-noctate-html-social.webp
https://tedt.org/Gamma-World-Bestiary/Norien.html,_posts/Gamma World/2023-04-07-Norien.md,Norien | Ted Tschopp,https://tedt.org/img/Site-Logo.webp,generic site logo fallback,/img/social/gamma-world-bestiary-norien-html-social.webp
https://tedt.org/Gamma-World-Bestiary/North-Nort.html,_posts/Gamma World/2023-04-07-North-Nort.md,North «Nort» | Ted Tschopp,https://tedt.org/img/Site-Logo.webp,generic site logo fallback,/img/social/gamma-world-bestiary-north-nort-html-social.webp
https://tedt.org/Gamma-World-Bestiary/Nuanderthal.html,_posts/Gamma World/2023-04-07-Nuanderthal.md,Nuanderthal | Ted Tschopp,https://tedt.org/img/Site-Logo.webp,generic site logo fallback,/img/social/gamma-world-bestiary-nuanderthal-html-social.webp
https://tedt.org/Gamma-World-Bestiary/Nuts-Rakee.html,_posts/Gamma World/2023-04-07-Nuts-Rakee.md,Nuts «Rakee» | Ted Tschopp,https://tedt.org/img/Site-Logo.webp,generic site logo fallback,/img/social/gamma-world-bestiary-nuts-rakee-html-social.webp
https://tedt.org/Gamma-World-Bestiary/Nymph-CidTal.html,_posts/Gamma World/2023-04-07-Nymph-CidTal.md,Nymph «Cid'Tal» | Ted Tschopp,https://tedt.org/img/Site-Logo.webp,generic site logo fallback,/img/social/gamma-world-bestiary-nymph-cidtal-html-social.webp
https://tedt.org/Gamma-World-Bestiary/Oasis-Machine.html,_posts/Gamma World/2023-04-07-Oasis-Machine.md,Oasis Machine | Ted Tschopp,https://tedt.org/img/Site-Logo.webp,generic site logo fallback,/img/social/gamma-world-bestiary-oasis-machine-html-social.webp
https://tedt.org/Gamma-World-Bestiary/Octhofus-Kianth.html,_posts/Gamma World/2023-04-07-Octhofus-Kianth.md,"Octhofus, Kianth | Ted Tschopp",https://tedt.org/img/Site-Logo.webp,generic site logo fallback,/img/social/gamma-world-bestiary-octhofus-kianth-html-social.webp
https://tedt.org/Gamma-World-Bestiary/Octhofus.html,_posts/Gamma World/2023-04-07-Octhofus.md,Octhofus | Ted Tschopp,https://tedt.org/img/Site-Logo.webp,generic site logo fallback,/img/social/gamma-world-bestiary-octhofus-html-social.webp
https://tedt.org/Gamma-World-Bestiary/Oozing-Multicolored-Many-Tentacle-Horror-Covered-With-Eyes-and-Mouths.html,_posts/Gamma World/2023-04-07-Oozing-Multicolored-Many-Tentacle-Horror-Covered-With-Eyes-and-Mouths.md,"Oozing, Multicolored, Many-Tentacle Horror Covered With Eyes and Mouths | Ted Tschopp",https://tedt.org/img/Site-Logo.webp,generic site logo fallback,/img/social/gamma-world-bestiary-oozing-multicolored-many-tentacle-horror-covered-with-eyes-and-mouths-html-social.webp
https://tedt.org/Gamma-World-Bestiary/Orange-Living-Mold-Fhot-lXon.html,_posts/Gamma World/2023-04-07-Orange-Living-Mold-Fhot-lXon.md,Orange Living Mold «Fhot l'Xon» | Ted Tschopp,https://tedt.org/img/Site-Logo.webp,generic site logo fallback,/img/social/gamma-world-bestiary-orange-living-mold-fhot-lxon-html-social.webp
https://tedt.org/Gamma-World-Bestiary/Orange-Scarfers-Yexil.html,_posts/Gamma World/2023-04-07-Orange-Scarfers-Yexil.md,Orange Scarfers «Yexil» | Ted Tschopp,https://tedt.org/img/Site-Logo.webp,generic site logo fallback,/img/social/gamma-world-bestiary-orange-scarfers-yexil-html-social.webp
https://tedt.org/Gamma-World-Bestiary/Orcoid.html,_posts/Gamma World/2023-04-07-Orcoid.md,Orcoid | Ted Tschopp,https://tedt.org/img/Site-Logo.webp,generic site logo fallback,/img/social/gamma-world-bestiary-orcoid-html-social.webp
https://tedt.org/Gamma-World-Bestiary/Orlen.html,_posts/Gamma World/2023-04-07-Orlen.md,Orlen | Ted Tschopp,https://tedt.org/img/Site-Logo.webp,generic site logo fallback,/img/social/gamma-world-bestiary-orlen-html-social.webp
https://tedt.org/Gamma-World-Bestiary/Oscar-Scar.html,_posts/Gamma World/2023-04-07-Oscar-Scar.md,Oscar «Scar» | Ted Tschopp,https://tedt.org/img/Site-Logo.webp,generic site logo fallback,/img/social/gamma-world-bestiary-oscar-scar-html-social.webp
https://tedt.org/Gamma-World-Bestiary/Pako.html,_posts/Gamma World/2023-04-07-Pako.md,Pako | Ted Tschopp,https://tedt.org/img/Site-Logo.webp,generic site logo fallback,/img/social/gamma-world-bestiary-pako-html-social.webp
https://tedt.org/Gamma-World-Bestiary/Par-rana.html,_posts/Gamma World/2023-04-07-Par-rana.md,Par-rana | Ted Tschopp,https://tedt.org/img/Site-Logo.webp,generic site logo fallback,/img/social/gamma-world-bestiary-par-rana-html-social.webp
https://tedt.org/Gamma-World-Bestiary/Paradise-Tree-Ed-Ep.html,_posts/Gamma World/2023-04-07-Paradise-Tree-Ed-Ep.md,Paradise Tree «Ed Ep» | Ted Tschopp,https://tedt.org/img/Site-Logo.webp,generic site logo fallback,/img/social/gamma-world-bestiary-paradise-tree-ed-ep-html-social.webp
https://tedt.org/Gamma-World-Bestiary/Partha.html,_posts/Gamma World/2023-04-07-Partha.md,Partha | Ted Tschopp,https://tedt.org/img/Site-Logo.webp,generic site logo fallback,/img/social/gamma-world-bestiary-partha-html-social.webp
https://tedt.org/Gamma-World-Bestiary/Personal-Servant-Bots-Autobot-Legged.html,_posts/Gamma World/2023-04-07-Personal-Servant-Bots-Autobot-Legged.md,"Personal Servant Bots «Autobot, Legged» | Ted Tschopp",https://tedt.org/img/Site-Logo.webp,generic site logo fallback,/img/social/gamma-world-bestiary-personal-servant-bots-autobot-legged-html-social.webp
https://tedt.org/Gamma-World-Bestiary/Personal-Servant-Bots-Autobot-Wheeled.html,_posts/Gamma World/2023-04-07-Personal-Servant-Bots-Autobot-Wheeled.md,"Personal Servant Bots «Autobot, Wheeled» | Ted Tschopp",https://tedt.org/img/Site-Logo.webp,generic site logo fallback,/img/social/gamma-world-bestiary-personal-servant-bots-autobot-wheeled-html-social.webp
https://tedt.org/Gamma-World-Bestiary/Petrotter.html,_posts/Gamma World/2023-04-07-Petrotter.md,Petrotter | Ted Tschopp,https://tedt.org/img/Site-Logo.webp,generic site logo fallback,/img/social/gamma-world-bestiary-petrotter-html-social.webp
https://tedt.org/Gamma-World-Bestiary/Phoenix-Hedge-Frid-Esk.html,_posts/Gamma World/2023-04-07-Phoenix-Hedge-Frid-Esk.md,Phoenix Hedge «Frid Esk» | Ted Tschopp,https://tedt.org/img/Site-Logo.webp,generic site logo fallback,/img/social/gamma-world-bestiary-phoenix-hedge-frid-esk-html-social.webp
https://tedt.org/Gamma-World-Bestiary/Photo-Shop-Bot.html,_posts/Gamma World/2023-04-07-Photo-Shop-Bot.md,Photo-Shop Bot | Ted Tschopp,https://tedt.org/img/Site-Logo.webp,generic site logo fallback,/img/social/gamma-world-bestiary-photo-shop-bot-html-social.webp
https://tedt.org/Gamma-World-Bestiary/Plague-Beetle-Nurglez.html,_posts/Gamma World/2023-04-07-Plague-Beetle-Nurglez.md,Plague Beetle «Nurglez» | Ted Tschopp,https://tedt.org/img/Site-Logo.webp,generic site logo fallback,/img/social/gamma-world-bestiary-plague-beetle-nurglez-html-social.webp
https://tedt.org/Gamma-World-Bestiary/Plains-People-Etar.html,_posts/Gamma World/2023-04-07-Plains-People-Etar.md,Plains People «Etar» | Ted Tschopp,https://tedt.org/img/Site-Logo.webp,generic site logo fallback,/img/social/gamma-world-bestiary-plains-people-etar-html-social.webp
https://tedt.org/Gamma-World-Bestiary/Plainsmen.html,_posts/Gamma World/2023-04-07-Plainsmen.md,Plainsmen | Ted Tschopp,https://tedt.org/img/Site-Logo.webp,generic site logo fallback,/img/social/gamma-world-bestiary-plainsmen-html-social.webp
https://tedt.org/Gamma-World-Bestiary/Plated-Dragon-Gelgon.html,_posts/Gamma World/2023-04-07-Plated-Dragon-Gelgon.md,Plated Dragon «Gelgon» | Ted Tschopp,https://tedt.org/img/Site-Logo.webp,generic site logo fallback,/img/social/gamma-world-bestiary-plated-dragon-gelgon-html-social.webp
https://tedt.org/Gamma-World-Bestiary/Pocket-Assassin.html,_posts/Gamma World/2023-04-07-Pocket-Assassin.md,Pocket Assassin | Ted Tschopp,https://tedt.org/img/Site-Logo.webp,generic site logo fallback,/img/social/gamma-world-bestiary-pocket-assassin-html-social.webp
https://tedt.org/Gamma-World-Bestiary/Police-Robot.html,_posts/Gamma World/2023-04-07-Police-Robot.md,Police Robot | Ted Tschopp,https://tedt.org/img/Site-Logo.webp,generic site logo fallback,/img/social/gamma-world-bestiary-police-robot-html-social.webp
https://tedt.org/Gamma-World-Bestiary/Poong.html,_posts/Gamma World/2023-04-07-Poong.md,Poong | Ted Tschopp,https://tedt.org/img/Site-Logo.webp,generic site logo fallback,/img/social/gamma-world-bestiary-poong-html-social.webp
https://tedt.org/Gamma-World-Bestiary/Porcupine-Plants-Horl-Choo.html,_posts/Gamma World/2023-04-07-Porcupine-Plants-Horl-Choo.md,Porcupine Plants «Horl Choo» | Ted Tschopp,https://tedt.org/img/Site-Logo.webp,generic site logo fallback,/img/social/gamma-world-bestiary-porcupine-plants-horl-choo-html-social.webp
https://tedt.org/Gamma-World-Bestiary/Porker.html,_posts/Gamma World/2023-04-07-Porker.md,Porker | Ted Tschopp,https://tedt.org/img/Site-Logo.webp,generic site logo fallback,/img/social/gamma-world-bestiary-porker-html-social.webp
https://tedt.org/Gamma-World-Bestiary/Powdery-Snow-Rat-Harod.html,_posts/Gamma World/2023-04-07-Powdery-Snow-Rat-Harod.md,Powdery Snow Rat «Harod» | Ted Tschopp,https://tedt.org/img/Site-Logo.webp,generic site logo fallback,/img/social/gamma-world-bestiary-powdery-snow-rat-harod-html-social.webp
https://tedt.org/Gamma-World-Bestiary/Pret-of-the-Order-of-the-Blessed-Nano.html,_posts/Gamma World/2023-04-07-Pret-of-the-Order-of-the-Blessed-Nano.md,Pret of the Order of the Blessed Nano | Ted Tschopp,https://tedt.org/img/Site-Logo.webp,generic site logo fallback,/img/social/gamma-world-bestiary-pret-of-the-order-of-the-blessed-nano-html-social.webp
https://tedt.org/Gamma-World-Bestiary/Pretexis.html,_posts/Gamma World/2023-04-07-Pretexis.md,Pretexis | Ted Tschopp,https://tedt.org/img/Site-Logo.webp,generic site logo fallback,/img/social/gamma-world-bestiary-pretexis-html-social.webp
https://tedt.org/Gamma-World-Bestiary/Prickly-Folk-Dyllon.html,_posts/Gamma World/2023-04-07-Prickly-Folk-Dyllon.md,Prickly Folk «Dyllon» | Ted Tschopp,https://tedt.org/img/Site-Logo.webp,generic site logo fallback,/img/social/gamma-world-bestiary-prickly-folk-dyllon-html-social.webp
https://tedt.org/Gamma-World-Bestiary/Propeller-Plants-Whirrzlers.html,_posts/Gamma World/2023-04-07-Propeller-Plants-Whirrzlers.md,Propeller Plants «Whirrzlers» | Ted Tschopp,https://tedt.org/img/Site-Logo.webp,generic site logo fallback,/img/social/gamma-world-bestiary-propeller-plants-whirrzlers-html-social.webp
https://tedt.org/Gamma-World-Bestiary/Propeller-Whirrzler.html,_posts/Gamma World/2023-04-07-Propeller-Whirrzler.md,Propeller «Whirrzler» | Ted Tschopp,https://tedt.org/img/Site-Logo.webp,generic site logo fallback,/img/social/gamma-world-bestiary-propeller-whirrzler-html-social.webp
https://tedt.org/Gamma-World-Bestiary/Pubbailo.html,_posts/Gamma World/2023-04-07-Pubbailo.md,Pubbailo | Ted Tschopp,https://tedt.org/img/Site-Logo.webp,generic site logo fallback,/img/social/gamma-world-bestiary-pubbailo-html-social.webp
https://tedt.org/Gamma-World-Bestiary/Puff-Cactus.html,_posts/Gamma World/2023-04-07-Puff-Cactus.md,Puff Cactus | Ted Tschopp,https://tedt.org/img/Site-Logo.webp,generic site logo fallback,/img/social/gamma-world-bestiary-puff-cactus-html-social.webp
https://tedt.org/Gamma-World-Bestiary/Raiccown.html,_posts/Gamma World/2023-04-07-Raiccown.md,Raiccown | Ted Tschopp,https://tedt.org/img/Site-Logo.webp,generic site logo fallback,/img/social/gamma-world-bestiary-raiccown-html-social.webp
https://tedt.org/Gamma-World-Bestiary/Rampants-Juggernaut.html,_posts/Gamma World/2023-04-07-Rampants-Juggernaut.md,Rampants «Juggernaut» | Ted Tschopp,https://tedt.org/img/Site-Logo.webp,generic site logo fallback,/img/social/gamma-world-bestiary-rampants-juggernaut-html-social.webp
https://tedt.org/Gamma-World-Bestiary/Rangerbot-Ecology-Bot-Wilderness.html,_posts/Gamma World/2023-04-07-Rangerbot-Ecology-Bot--Wilderness.md,Rangerbot «Ecology Bot - Wilderness» | Ted Tschopp,https://tedt.org/img/Site-Logo.webp,generic site logo fallback,/img/social/gamma-world-bestiary-rangerbot-ecology-bot-wilderness-html-social.webp
https://tedt.org/Gamma-World-Bestiary/Ranse.html,_posts/Gamma World/2023-04-07-Ranse.md,Ranse | Ted Tschopp,https://tedt.org/img/Site-Logo.webp,generic site logo fallback,/img/social/gamma-world-bestiary-ranse-html-social.webp
https://tedt.org/Gamma-World-Bestiary/Rastagator.html,_posts/Gamma World/2023-04-07-Rastagator.md,Rastagator | Ted Tschopp,https://tedt.org/img/Site-Logo.webp,generic site logo fallback,/img/social/gamma-world-bestiary-rastagator-html-social.webp
https://tedt.org/Gamma-World-Bestiary/Rat-Friend-Rodcut.html,_posts/Gamma World/2023-04-07-Rat-Friend-Rodcut.md,Rat Friend «Rodcut» | Ted Tschopp,https://tedt.org/img/Site-Logo.webp,generic site logo fallback,/img/social/gamma-world-bestiary-rat-friend-rodcut-html-social.webp
https://tedt.org/Gamma-World-Bestiary/Ravisher.html,_posts/Gamma World/2023-04-07-Ravisher.md,Ravisher | Ted Tschopp,https://tedt.org/img/Site-Logo.webp,generic site logo fallback,/img/social/gamma-world-bestiary-ravisher-html-social.webp
https://tedt.org/Gamma-World-Bestiary/Raydium-Alpha.html,_posts/Gamma World/2023-04-07-Raydium-Alpha.md,"Raydium, Alpha | Ted Tschopp",https://tedt.org/img/Site-Logo.webp,generic site logo fallback,/img/social/gamma-world-bestiary-raydium-alpha-html-social.webp
https://tedt.org/Gamma-World-Bestiary/Raydium-Beta.html,_posts/Gamma World/2023-04-07-Raydium-Beta.md,"Raydium, Beta | Ted Tschopp",https://tedt.org/img/Site-Logo.webp,generic site logo fallback,/img/social/gamma-world-bestiary-raydium-beta-html-social.webp
https://tedt.org/Gamma-World-Bestiary/Raydium-Gamma.html,_posts/Gamma World/2023-04-07-Raydium-Gamma.md,"Raydium, Gamma | Ted Tschopp",https://tedt.org/img/Site-Logo.webp,generic site logo fallback,/img/social/gamma-world-bestiary-raydium-gamma-html-social.webp
https://tedt.org/Gamma-World-Bestiary/Razorgrass.html,_posts/Gamma World/2023-04-07-Razorgrass.md,Razorgrass | Ted Tschopp,https://tedt.org/img/Site-Logo.webp,generic site logo fallback,/img/social/gamma-world-bestiary-razorgrass-html-social.webp
https://tedt.org/Gamma-World-Bestiary/Rebuilt.html,_posts/Gamma World/2023-04-07-Rebuilt.md,Rebuilt | Ted Tschopp,https://tedt.org/img/Site-Logo.webp,generic site logo fallback,/img/social/gamma-world-bestiary-rebuilt-html-social.webp
https://tedt.org/Gamma-World-Bestiary/Reclaimer.html,_posts/Gamma World/2023-04-07-Reclaimer.md,Reclaimer | Ted Tschopp,https://tedt.org/img/Site-Logo.webp,generic site logo fallback,/img/social/gamma-world-bestiary-reclaimer-html-social.webp
https://tedt.org/Gamma-World-Bestiary/Red-Bat-like-Humanoid-Wed-Tsurp.html,_posts/Gamma World/2023-04-07-Red-Bat-like-Humanoid-Wed-Tsurp.md,Red Bat-like Humanoid «Wed Tsurp» | Ted Tschopp,https://tedt.org/img/Site-Logo.webp,generic site logo fallback,/img/social/gamma-world-bestiary-red-bat-like-humanoid-wed-tsurp-html-social.webp
https://tedt.org/Gamma-World-Bestiary/Red-Living-Mold-Wed-lXon.html,_posts/Gamma World/2023-04-07-Red-Living-Mold-Wed-lXon.md,Red Living Mold «Wed l'Xon» | Ted Tschopp,https://tedt.org/img/Site-Logo.webp,generic site logo fallback,/img/social/gamma-world-bestiary-red-living-mold-wed-lxon-html-social.webp
https://tedt.org/Gamma-World-Bestiary/Ren.html,_posts/Gamma World/2023-04-07-Ren.md,Ren | Ted Tschopp,https://tedt.org/img/Site-Logo.webp,generic site logo fallback,/img/social/gamma-world-bestiary-ren-html-social.webp
https://tedt.org/Gamma-World-Bestiary/Rena.html,_posts/Gamma World/2023-04-07-Rena.md,Rena | Ted Tschopp,https://tedt.org/img/Site-Logo.webp,generic site logo fallback,/img/social/gamma-world-bestiary-rena-html-social.webp
https://tedt.org/Gamma-World-Bestiary/Reptoads.html,_posts/Gamma World/2023-04-07-Reptoads.md,Reptoads | Ted Tschopp,https://tedt.org/img/Site-Logo.webp,generic site logo fallback,/img/social/gamma-world-bestiary-reptoads-html-social.webp
https://tedt.org/Gamma-World-Bestiary/Rhya.html,_posts/Gamma World/2023-04-07-Rhya.md,Rhya | Ted Tschopp,https://tedt.org/img/Site-Logo.webp,generic site logo fallback,/img/social/gamma-world-bestiary-rhya-html-social.webp
https://tedt.org/Gamma-World-Bestiary/Ribbon-Snake-Irnslith.html,_posts/Gamma World/2023-04-07-Ribbon-Snake-Irnslith.md,Ribbon Snake «Irnslith» | Ted Tschopp,https://tedt.org/img/Site-Logo.webp,generic site logo fallback,/img/social/gamma-world-bestiary-ribbon-snake-irnslith-html-social.webp
https://tedt.org/Gamma-World-Bestiary/Riding-Deer-Stagon.html,_posts/Gamma World/2023-04-07-Riding-Deer-Stagon.md,Riding Deer «Stagon» | Ted Tschopp,https://tedt.org/img/Site-Logo.webp,generic site logo fallback,/img/social/gamma-world-bestiary-riding-deer-stagon-html-social.webp
https://tedt.org/Gamma-World-Bestiary/Robotic-Hunter-Manhunter.html,_posts/Gamma World/2023-04-07-Robotic-Hunter-Manhunter.md,Robotic Hunter «Manhunter» | Ted Tschopp,https://tedt.org/img/Site-Logo.webp,generic site logo fallback,/img/social/gamma-world-bestiary-robotic-hunter-manhunter-html-social.webp
https://tedt.org/Gamma-World-Bestiary/Robotic-Hunter-Tracker-Robohunter.html,_posts/Gamma World/2023-04-07-Robotic-Hunter-Tracker-Robohunter.md,Robotic Hunter/Tracker «Robohunter» | Ted Tschopp,https://tedt.org/img/Site-Logo.webp,generic site logo fallback,/img/social/gamma-world-bestiary-robotic-hunter-tracker-robohunter-html-social.webp
https://tedt.org/Gamma-World-Bestiary/Robotic-Machines-Automachine.html,_posts/Gamma World/2023-04-07-Robotic-Machines-Automachine.md,Robotic Machines «Automachine» | Ted Tschopp,https://tedt.org/img/Site-Logo.webp,generic site logo fallback,/img/social/gamma-world-bestiary-robotic-machines-automachine-html-social.webp
https://tedt.org/Gamma-World-Bestiary/Rock-that-Burrows-BaSled.html,_posts/Gamma World/2023-04-07-Rock-that-Burrows-BaSled.md,Rock that Burrows «Ba'Sled» | Ted Tschopp,https://tedt.org/img/Site-Logo.webp,generic site logo fallback,/img/social/gamma-world-bestiary-rock-that-burrows-basled-html-social.webp
https://tedt.org/Gamma-World-Bestiary/Rock-that-Gasses-Bamutan.html,_posts/Gamma World/2023-04-07-Rock-that-Gasses-Bamutan.md,Rock that Gasses «Ba'mutan» | Ted Tschopp,https://tedt.org/img/Site-Logo.webp,generic site logo fallback,/img/social/gamma-world-bestiary-rock-that-gasses-bamutan-html-social.webp
https://tedt.org/Gamma-World-Bestiary/Rojak.html,_posts/Gamma World/2023-04-07-Rojak.md,Rojak | Ted Tschopp,https://tedt.org/img/Site-Logo.webp,generic site logo fallback,/img/social/gamma-world-bestiary-rojak-html-social.webp
https://tedt.org/Gamma-World-Bestiary/RokEe-Skwil.html,_posts/Gamma World/2023-04-07-RokEe-Skwil.md,Rok'Ee «Skwil» | Ted Tschopp,https://tedt.org/img/Site-Logo.webp,generic site logo fallback,/img/social/gamma-world-bestiary-rokee-skwil-html-social.webp
https://tedt.org/Gamma-World-Bestiary/Ryco.html,_posts/Gamma World/2023-04-07-Ryco.md,Ryco | Ted Tschopp,https://tedt.org/img/Site-Logo.webp,generic site logo fallback,/img/social/gamma-world-bestiary-ryco-html-social.webp
https://tedt.org/Gamma-World-Bestiary/Sage-of-Melkath-Waldis.html,_posts/Gamma World/2023-04-07-Sage-of-Melkath-Waldis.md,Sage of Melkath «Waldis» | Ted Tschopp,https://tedt.org/img/Site-Logo.webp,generic site logo fallback,/img/social/gamma-world-bestiary-sage-of-melkath-waldis-html-social.webp
https://tedt.org/Gamma-World-Bestiary/Salt-Spider-Sea-Spider.html,_posts/Gamma World/2023-04-07-Salt-Spider-Sea-Spider.md,Salt Spider «Sea Spider» | Ted Tschopp,https://tedt.org/img/Site-Logo.webp,generic site logo fallback,/img/social/gamma-world-bestiary-salt-spider-sea-spider-html-social.webp
https://tedt.org/Gamma-World-Bestiary/Sand-Devils-Kep.html,_posts/Gamma World/2023-04-07-Sand-Devils-Kep.md,Sand Devils «Kep» | Ted Tschopp,https://tedt.org/img/Site-Logo.webp,generic site logo fallback,/img/social/gamma-world-bestiary-sand-devils-kep-html-social.webp
https://tedt.org/Gamma-World-Bestiary/Sathpernerts-Rats.html,_posts/Gamma World/2023-04-07-Sathpernerts-Rats.md,Sathpernert's Rats | Ted Tschopp,https://tedt.org/img/Site-Logo.webp,generic site logo fallback,/img/social/gamma-world-bestiary-sathpernerts-rats-html-social.webp
https://tedt.org/Gamma-World-Bestiary/Savannah-Cats-Jaget.html,_posts/Gamma World/2023-04-07-Savannah-Cats-Jaget.md,Savannah Cats «Jaget» | Ted Tschopp,https://tedt.org/img/Site-Logo.webp,generic site logo fallback,/img/social/gamma-world-bestiary-savannah-cats-jaget-html-social.webp
https://tedt.org/Gamma-World-Bestiary/Scella.html,_posts/Gamma World/2023-04-07-Scella.md,Scella | Ted Tschopp,https://tedt.org/img/Site-Logo.webp,generic site logo fallback,/img/social/gamma-world-bestiary-scella-html-social.webp
https://tedt.org/Gamma-World-Bestiary/Scorpion-Folk-Lordia-Orp.html,_posts/Gamma World/2023-04-07-Scorpion-Folk-Lordia-Orp.md,Scorpion Folk «Lordia Orp» | Ted Tschopp,https://tedt.org/img/Site-Logo.webp,generic site logo fallback,/img/social/gamma-world-bestiary-scorpion-folk-lordia-orp-html-social.webp
https://tedt.org/Gamma-World-Bestiary/Screamer.html,_posts/Gamma World/2023-04-07-Screamer.md,Screamer | Ted Tschopp,https://tedt.org/img/Site-Logo.webp,generic site logo fallback,/img/social/gamma-world-bestiary-screamer-html-social.webp
https://tedt.org/Gamma-World-Bestiary/Sea-Behemoth.html,_posts/Gamma World/2023-04-07-Sea-Behemoth.md,Sea Behemoth | Ted Tschopp,https://tedt.org/img/Site-Logo.webp,generic site logo fallback,/img/social/gamma-world-bestiary-sea-behemoth-html-social.webp
https://tedt.org/Gamma-World-Bestiary/Sea-Cow-Water-Bear.html,_posts/Gamma World/2023-04-07-Sea-Cow-Water-Bear.md,Sea Cow «Water Bear» | Ted Tschopp,https://tedt.org/img/Site-Logo.webp,generic site logo fallback,/img/social/gamma-world-bestiary-sea-cow-water-bear-html-social.webp
https://tedt.org/Gamma-World-Bestiary/Sea-Devils-Moklas.html,_posts/Gamma World/2023-04-07-Sea-Devils-Moklas.md,Sea Devils «Moklas» | Ted Tschopp,https://tedt.org/img/Site-Logo.webp,generic site logo fallback,/img/social/gamma-world-bestiary-sea-devils-moklas-html-social.webp
https://tedt.org/Gamma-World-Bestiary/Sea-Lilies-Sea-Lilies-Patch.html,_posts/Gamma World/2023-04-07-Sea-Lilies-Sea-Lilies-Patch.md,Sea Lilies «Sea Lilies Patch» | Ted Tschopp,https://tedt.org/img/Site-Logo.webp,generic site logo fallback,/img/social/gamma-world-bestiary-sea-lilies-sea-lilies-patch-html-social.webp
https://tedt.org/Gamma-World-Bestiary/Sea-Medusae-Hydrozoan.html,_posts/Gamma World/2023-04-07-Sea-Medusae-Hydrozoan.md,Sea Medusae «Hydrozoan» | Ted Tschopp,https://tedt.org/img/Site-Logo.webp,generic site logo fallback,/img/social/gamma-world-bestiary-sea-medusae-hydrozoan-html-social.webp
https://tedt.org/Gamma-World-Bestiary/Sea-Monkeys.html,_posts/Gamma World/2023-04-07-Sea-Monkeys.md,Sea Monkeys | Ted Tschopp,https://tedt.org/img/Site-Logo.webp,generic site logo fallback,/img/social/gamma-world-bestiary-sea-monkeys-html-social.webp
https://tedt.org/Gamma-World-Bestiary/Sea-Serpent-Black.html,_posts/Gamma World/2023-04-07-Sea-Serpent-Black.md,"Sea Serpent, Black | Ted Tschopp",https://tedt.org/img/Site-Logo.webp,generic site logo fallback,/img/social/gamma-world-bestiary-sea-serpent-black-html-social.webp
https://tedt.org/Gamma-World-Bestiary/Sea-Serpent-Green.html,_posts/Gamma World/2023-04-07-Sea-Serpent-Green.md,"Sea Serpent, Green | Ted Tschopp",https://tedt.org/img/Site-Logo.webp,generic site logo fallback,/img/social/gamma-world-bestiary-sea-serpent-green-html-social.webp
https://tedt.org/Gamma-World-Bestiary/Sea-Spider.html,_posts/Gamma World/2023-04-07-Sea-Spider.md,Sea Spider | Ted Tschopp,https://tedt.org/img/Site-Logo.webp,generic site logo fallback,/img/social/gamma-world-bestiary-sea-spider-html-social.webp
https://tedt.org/Gamma-World-Bestiary/Sea-Stallion-Horsy.html,_posts/Gamma World/2023-04-07-Sea-Stallion-Horsy.md,Sea Stallion «Horsy» | Ted Tschopp,https://tedt.org/img/Site-Logo.webp,generic site logo fallback,/img/social/gamma-world-bestiary-sea-stallion-horsy-html-social.webp
https://tedt.org/Gamma-World-Bestiary/Security-Bot-Mk-II-Security-Robot-at-Mindkeep.html,_posts/Gamma World/2023-04-07-Security-Bot-Mk-II-Security-Robot-at-Mindkeep.md,Security Bot Mk II «Security Robot at Mindkeep» | Ted Tschopp,https://tedt.org/img/Site-Logo.webp,generic site logo fallback,/img/social/gamma-world-bestiary-security-bot-mk-ii-security-robot-at-mindkeep-html-social.webp
https://tedt.org/Gamma-World-Bestiary/Security-Bot-Security-Robotoid.html,_posts/Gamma World/2023-04-07-Security-Bot-Security-Robotoid.md,Security Bot «Security Robotoid» | Ted Tschopp,https://tedt.org/img/Site-Logo.webp,generic site logo fallback,/img/social/gamma-world-bestiary-security-bot-security-robotoid-html-social.webp
https://tedt.org/Gamma-World-Bestiary/Security-Robot.html,_posts/Gamma World/2023-04-07-Security-Robot.md,Security Robot | Ted Tschopp,https://tedt.org/img/Site-Logo.webp,generic site logo fallback,/img/social/gamma-world-bestiary-security-robot-html-social.webp
https://tedt.org/Gamma-World-Bestiary/Seer-Lizards-Sleeth.html,_posts/Gamma World/2023-04-07-Seer-Lizards-Sleeth.md,Seer Lizards «Sleeth» | Ted Tschopp,https://tedt.org/img/Site-Logo.webp,generic site logo fallback,/img/social/gamma-world-bestiary-seer-lizards-sleeth-html-social.webp
https://tedt.org/Gamma-World-Bestiary/Sensorium-Rig.html,_posts/Gamma World/2023-04-07-Sensorium-Rig.md,Sensorium Rig | Ted Tschopp,https://tedt.org/img/Site-Logo.webp,generic site logo fallback,/img/social/gamma-world-bestiary-sensorium-rig-html-social.webp
https://tedt.org/Gamma-World-Bestiary/Sentient-Coral-Reef.html,_posts/Gamma World/2023-04-07-Sentient-Coral-Reef.md,Sentient Coral Reef | Ted Tschopp,https://tedt.org/img/Site-Logo.webp,generic site logo fallback,/img/social/gamma-world-bestiary-sentient-coral-reef-html-social.webp
https://tedt.org/Gamma-World-Bestiary/Sentrybots.html,_posts/Gamma World/2023-04-07-Sentrybots.md,Sentrybots | Ted Tschopp,https://tedt.org/img/Site-Logo.webp,generic site logo fallback,/img/social/gamma-world-bestiary-sentrybots-html-social.webp
https://tedt.org/Gamma-World-Bestiary/Sergeant-Dimin.html,_posts/Gamma World/2023-04-07-Sergeant-Dimin.md,Sergeant Dimin | Ted Tschopp,https://tedt.org/img/Site-Logo.webp,generic site logo fallback,/img/social/gamma-world-bestiary-sergeant-dimin-html-social.webp
https://tedt.org/Gamma-World-Bestiary/Servo-Reindeer.html,_posts/Gamma World/2023-04-07-Servo-Reindeer.md,Servo Reindeer | Ted Tschopp,https://tedt.org/img/Site-Logo.webp,generic site logo fallback,/img/social/gamma-world-bestiary-servo-reindeer-html-social.webp
https://tedt.org/Gamma-World-Bestiary/Shapeless-Ones-Ameebies-(as-humanoid).html,_posts/Gamma World/2023-04-07-Shapeless-Ones-Ameebies-(as-humanoid).md,Shapeless Ones «Ameebies (as humanoid)» | Ted Tschopp,https://tedt.org/img/Site-Logo.webp,generic site logo fallback,/img/social/gamma-world-bestiary-shapeless-ones-ameebies-as-humanoid-html-social.webp
https://tedt.org/Gamma-World-Bestiary/She-Who-Consumes-TBrath.html,_posts/Gamma World/2023-04-07-She-Who-Consumes-TBrath.md,She Who Consumes «T'Brath» | Ted Tschopp,https://tedt.org/img/Site-Logo.webp,generic site logo fallback,/img/social/gamma-world-bestiary-she-who-consumes-tbrath-html-social.webp
https://tedt.org/Gamma-World-Bestiary/Shef.html,_posts/Gamma World/2023-04-07-Shef.md,Shef | Ted Tschopp,https://tedt.org/img/Site-Logo.webp,generic site logo fallback,/img/social/gamma-world-bestiary-shef-html-social.webp
https://tedt.org/Gamma-World-Bestiary/Shell-Toad.html,_posts/Gamma World/2023-04-07-Shell-Toad.md,Shell Toad | Ted Tschopp,https://tedt.org/img/Site-Logo.webp,generic site logo fallback,/img/social/gamma-world-bestiary-shell-toad-html-social.webp
https://tedt.org/Gamma-World-Bestiary/Shield-Worm.html,_posts/Gamma World/2023-04-07-Shield-Worm.md,Shield Worm | Ted Tschopp,https://tedt.org/img/Site-Logo.webp,generic site logo fallback,/img/social/gamma-world-bestiary-shield-worm-html-social.webp
https://tedt.org/Gamma-World-Bestiary/Shiirka.html,_posts/Gamma World/2023-04-07-Shiirka.md,Shiir'ka | Ted Tschopp,https://tedt.org/img/Site-Logo.webp,generic site logo fallback,/img/social/gamma-world-bestiary-shiirka-html-social.webp
https://tedt.org/Gamma-World-Bestiary/Shining-Being-WooN.html,_posts/Gamma World/2023-04-07-Shining-Being-WooN.md,Shining Being «Woo'N» | Ted Tschopp,https://tedt.org/img/Site-Logo.webp,generic site logo fallback,/img/social/gamma-world-bestiary-shining-being-woon-html-social.webp
https://tedt.org/Gamma-World-Bestiary/Shocking-Mildew-Xanqas.html,_posts/Gamma World/2023-04-07-Shocking-Mildew-Xanqas.md,Shocking Mildew «Xanqas» | Ted Tschopp,https://tedt.org/img/Site-Logo.webp,generic site logo fallback,/img/social/gamma-world-bestiary-shocking-mildew-xanqas-html-social.webp
https://tedt.org/Gamma-World-Bestiary/Shog.html,_posts/Gamma World/2023-04-07-Shog.md,Shog | Ted Tschopp,https://tedt.org/img/Site-Logo.webp,generic site logo fallback,/img/social/gamma-world-bestiary-shog-html-social.webp
https://tedt.org/Gamma-World-Bestiary/Shortel.html,_posts/Gamma World/2023-04-07-Shortel.md,Shortel | Ted Tschopp,https://tedt.org/img/Site-Logo.webp,generic site logo fallback,/img/social/gamma-world-bestiary-shortel-html-social.webp
https://tedt.org/Gamma-World-Bestiary/Shrike.html,_posts/Gamma World/2023-04-07-Shrike.md,Shrike | Ted Tschopp,https://tedt.org/img/Site-Logo.webp,generic site logo fallback,/img/social/gamma-world-bestiary-shrike-html-social.webp
https://tedt.org/Gamma-World-Bestiary/Shroom.html,_posts/Gamma World/2023-04-07-Shroom.md,Shroom | Ted Tschopp,https://tedt.org/img/Site-Logo.webp,generic site logo fallback,/img/social/gamma-world-bestiary-shroom-html-social.webp
https://tedt.org/Gamma-World-Bestiary/Shrub-Wall.html,_posts/Gamma World/2023-04-07-Shrub-Wall.md,Shrub Wall | Ted Tschopp,https://tedt.org/img/Site-Logo.webp,generic site logo fallback,/img/social/gamma-world-bestiary-shrub-wall-html-social.webp
https://tedt.org/Gamma-World-Bestiary/Shutter-Floth-Ha.html,_posts/Gamma World/2023-04-07-Shutter-Floth-Ha.md,Shutter «Floth-Ha» | Ted Tschopp,https://tedt.org/img/Site-Logo.webp,generic site logo fallback,/img/social/gamma-world-bestiary-shutter-floth-ha-html-social.webp
https://tedt.org/Gamma-World-Bestiary/Shwarsfrou.html,_posts/Gamma World/2023-04-07-Shwarsfrou.md,Shwarsfrou | Ted Tschopp,https://tedt.org/img/Site-Logo.webp,generic site logo fallback,/img/social/gamma-world-bestiary-shwarsfrou-html-social.webp
https://tedt.org/Gamma-World-Bestiary/Silus.html,_posts/Gamma World/2023-04-07-Silus.md,Silus | Ted Tschopp,https://tedt.org/img/Site-Logo.webp,generic site logo fallback,/img/social/gamma-world-bestiary-silus-html-social.webp
https://tedt.org/Gamma-World-Bestiary/Silverback.html,_posts/Gamma World/2023-04-07-Silverback.md,Silverback | Ted Tschopp,https://tedt.org/img/Site-Logo.webp,generic site logo fallback,/img/social/gamma-world-bestiary-silverback-html-social.webp
https://tedt.org/Gamma-World-Bestiary/Skaig.html,_posts/Gamma World/2023-04-07-Skaig.md,Skaig | Ted Tschopp,https://tedt.org/img/Site-Logo.webp,generic site logo fallback,/img/social/gamma-world-bestiary-skaig-html-social.webp
https://tedt.org/Gamma-World-Bestiary/Skeeters-Soul-Besh.html,_posts/Gamma World/2023-04-07-Skeeters-Soul-Besh.md,Skeeters «Soul Besh» | Ted Tschopp,https://tedt.org/img/Site-Logo.webp,generic site logo fallback,/img/social/gamma-world-bestiary-skeeters-soul-besh-html-social.webp
https://tedt.org/Gamma-World-Bestiary/Skyshark.html,_posts/Gamma World/2023-04-07-Skyshark.md,Skyshark | Ted Tschopp,https://tedt.org/img/Site-Logo.webp,generic site logo fallback,/img/social/gamma-world-bestiary-skyshark-html-social.webp
https://tedt.org/Gamma-World-Bestiary/Slashworm.html,_posts/Gamma World/2023-04-07-Slashworm.md,Slashworm | Ted Tschopp,https://tedt.org/img/Site-Logo.webp,generic site logo fallback,/img/social/gamma-world-bestiary-slashworm-html-social.webp
https://tedt.org/Gamma-World-Bestiary/Slembaith.html,_posts/Gamma World/2023-04-07-Slembaith.md,Slembaith | Ted Tschopp,https://tedt.org/img/Site-Logo.webp,generic site logo fallback,/img/social/gamma-world-bestiary-slembaith-html-social.webp
https://tedt.org/Gamma-World-Bestiary/Slime-Devils-Menarl.html,_posts/Gamma World/2023-04-07-Slime-Devils-Menarl.md,Slime Devils «Menarl» | Ted Tschopp,https://tedt.org/img/Site-Logo.webp,generic site logo fallback,/img/social/gamma-world-bestiary-slime-devils-menarl-html-social.webp
https://tedt.org/Gamma-World-Bestiary/Slimy-Grazer.html,_posts/Gamma World/2023-04-07-Slimy-Grazer.md,Slimy Grazer | Ted Tschopp,https://tedt.org/img/Site-Logo.webp,generic site logo fallback,/img/social/gamma-world-bestiary-slimy-grazer-html-social.webp
https://tedt.org/Gamma-World-Bestiary/Sliver-Sucker-Thytal.html,_posts/Gamma World/2023-04-07-Sliver-Sucker-Thytal.md,Sliver Sucker «Thy'tal» | Ted Tschopp,https://tedt.org/img/Site-Logo.webp,generic site logo fallback,/img/social/gamma-world-bestiary-sliver-sucker-thytal-html-social.webp
https://tedt.org/Gamma-World-Bestiary/Sly.html,_posts/Gamma World/2023-04-07-Sly.md,Sly | Ted Tschopp,https://tedt.org/img/Site-Logo.webp,generic site logo fallback,/img/social/gamma-world-bestiary-sly-html-social.webp
https://tedt.org/Gamma-World-Bestiary/Small-Mutant-Spider.html,_posts/Gamma World/2023-04-07-Small-Mutant-Spider.md,Small Mutant Spider | Ted Tschopp,https://tedt.org/img/Site-Logo.webp,generic site logo fallback,/img/social/gamma-world-bestiary-small-mutant-spider-html-social.webp
https://tedt.org/Gamma-World-Bestiary/Smoke-Caterpillar.html,_posts/Gamma World/2023-04-07-Smoke-Caterpillar.md,Smoke Caterpillar | Ted Tschopp,https://tedt.org/img/Site-Logo.webp,generic site logo fallback,/img/social/gamma-world-bestiary-smoke-caterpillar-html-social.webp
https://tedt.org/Gamma-World-Bestiary/Smokie-Barxyn.html,_posts/Gamma World/2023-04-07-Smokie-Barxyn.md,Smokie «Barxyn» | Ted Tschopp,https://tedt.org/img/Site-Logo.webp,generic site logo fallback,/img/social/gamma-world-bestiary-smokie-barxyn-html-social.webp
https://tedt.org/Gamma-World-Bestiary/Snag.html,_posts/Gamma World/2023-04-07-Snag.md,Snag | Ted Tschopp,https://tedt.org/img/Site-Logo.webp,generic site logo fallback,/img/social/gamma-world-bestiary-snag-html-social.webp
https://tedt.org/Gamma-World-Bestiary/Sneakers-Garrel.html,_posts/Gamma World/2023-04-07-Sneakers-Garrel.md,Sneakers «Garrel» | Ted Tschopp,https://tedt.org/img/Site-Logo.webp,generic site logo fallback,/img/social/gamma-world-bestiary-sneakers-garrel-html-social.webp
https://tedt.org/Gamma-World-Bestiary/Snow-Dragon-Hargon.html,_posts/Gamma World/2023-04-07-Snow-Dragon-Hargon.md,Snow Dragon «Hargon» | Ted Tschopp,https://tedt.org/img/Site-Logo.webp,generic site logo fallback,/img/social/gamma-world-bestiary-snow-dragon-hargon-html-social.webp
https://tedt.org/Gamma-World-Bestiary/Snow-Rabbit-Hophar.html,_posts/Gamma World/2023-04-07-Snow-Rabbit-Hophar.md,Snow Rabbit «Hophar» | Ted Tschopp,https://tedt.org/img/Site-Logo.webp,generic site logo fallback,/img/social/gamma-world-bestiary-snow-rabbit-hophar-html-social.webp
https://tedt.org/Gamma-World-Bestiary/Solarfly.html,_posts/Gamma World/2023-04-07-Solarfly.md,Solarfly | Ted Tschopp,https://tedt.org/img/Site-Logo.webp,generic site logo fallback,/img/social/gamma-world-bestiary-solarfly-html-social.webp
https://tedt.org/Gamma-World-Bestiary/Soldier-Robot.html,_posts/Gamma World/2023-04-07-Soldier-Robot.md,Soldier Robot | Ted Tschopp,https://tedt.org/img/Site-Logo.webp,generic site logo fallback,/img/social/gamma-world-bestiary-soldier-robot-html-social.webp
https://tedt.org/Gamma-World-Bestiary/Soopturt.html,_posts/Gamma World/2023-04-07-Soopturt.md,Soopturt | Ted Tschopp,https://tedt.org/img/Site-Logo.webp,generic site logo fallback,/img/social/gamma-world-bestiary-soopturt-html-social.webp
https://tedt.org/Gamma-World-Bestiary/Sorbel.html,_posts/Gamma World/2023-04-07-Sorbel.md,Sorbel | Ted Tschopp,https://tedt.org/img/Site-Logo.webp,generic site logo fallback,/img/social/gamma-world-bestiary-sorbel-html-social.webp
https://tedt.org/Gamma-World-Bestiary/Soulsker.html,_posts/Gamma World/2023-04-07-Soulsker.md,Souls'ker | Ted Tschopp,https://tedt.org/img/Site-Logo.webp,generic site logo fallback,/img/social/gamma-world-bestiary-soulsker-html-social.webp
https://tedt.org/Gamma-World-Bestiary/Speedo.html,_posts/Gamma World/2023-04-07-Speedo.md,Speedo | Ted Tschopp,https://tedt.org/img/Site-Logo.webp,generic site logo fallback,/img/social/gamma-world-bestiary-speedo-html-social.webp
https://tedt.org/Gamma-World-Bestiary/Spider-Friend-Unsut.html,_posts/Gamma World/2023-04-07-Spider-Friend-Unsut.md,Spider Friend «Unsut» | Ted Tschopp,https://tedt.org/img/Site-Logo.webp,generic site logo fallback,/img/social/gamma-world-bestiary-spider-friend-unsut-html-social.webp
https://tedt.org/Gamma-World-Bestiary/Spider-Lil.html,_posts/Gamma World/2023-04-07-Spider-Lil.md,Spider Lil | Ted Tschopp,https://tedt.org/img/Site-Logo.webp,generic site logo fallback,/img/social/gamma-world-bestiary-spider-lil-html-social.webp
https://tedt.org/Gamma-World-Bestiary/Spiderbot.html,_posts/Gamma World/2023-04-07-Spiderbot.md,Spiderbot | Ted Tschopp,https://tedt.org/img/Site-Logo.webp,generic site logo fallback,/img/social/gamma-world-bestiary-spiderbot-html-social.webp
https://tedt.org/Gamma-World-Bestiary/Spiked-Flyer-Shezur.html,_posts/Gamma World/2023-04-07-Spiked-Flyer-Shezur.md,Spiked Flyer «Shez'ur» | Ted Tschopp,https://tedt.org/img/Site-Logo.webp,generic site logo fallback,/img/social/gamma-world-bestiary-spiked-flyer-shezur-html-social.webp
https://tedt.org/Gamma-World-Bestiary/Spinning-Guardian-Verbat.html,_posts/Gamma World/2023-04-07-Spinning-Guardian-Verbat.md,Spinning Guardian «Verbat» | Ted Tschopp,https://tedt.org/img/Site-Logo.webp,generic site logo fallback,/img/social/gamma-world-bestiary-spinning-guardian-verbat-html-social.webp
https://tedt.org/Gamma-World-Bestiary/Spinning-Snake-Batslith.html,_posts/Gamma World/2023-04-07-Spinning-Snake-Batslith.md,Spinning Snake «Batslith» | Ted Tschopp,https://tedt.org/img/Site-Logo.webp,generic site logo fallback,/img/social/gamma-world-bestiary-spinning-snake-batslith-html-social.webp
https://tedt.org/Gamma-World-Bestiary/Spiny-Craw.html,_posts/Gamma World/2023-04-07-Spiny-Craw.md,Spiny Craw | Ted Tschopp,https://tedt.org/img/Site-Logo.webp,generic site logo fallback,/img/social/gamma-world-bestiary-spiny-craw-html-social.webp
https://tedt.org/Gamma-World-Bestiary/Spiny.html,_posts/Gamma World/2023-04-07-Spiny.md,Spiny | Ted Tschopp,https://tedt.org/img/Site-Logo.webp,generic site logo fallback,/img/social/gamma-world-bestiary-spiny-html-social.webp
https://tedt.org/Gamma-World-Bestiary/Spoat.html,_posts/Gamma World/2023-04-07-Spoat.md,Spoat | Ted Tschopp,https://tedt.org/img/Site-Logo.webp,generic site logo fallback,/img/social/gamma-world-bestiary-spoat-html-social.webp
https://tedt.org/Gamma-World-Bestiary/Sprey.html,_posts/Gamma World/2023-04-07-Sprey.md,Sprey | Ted Tschopp,https://tedt.org/img/Site-Logo.webp,generic site logo fallback,/img/social/gamma-world-bestiary-sprey-html-social.webp
https://tedt.org/Gamma-World-Bestiary/Squatches-Mountain-Men.html,_posts/Gamma World/2023-04-07-Squatches-Mountain-Men.md,Squatches «Mountain Men» | Ted Tschopp,https://tedt.org/img/Site-Logo.webp,generic site logo fallback,/img/social/gamma-world-bestiary-squatches-mountain-men-html-social.webp
https://tedt.org/Gamma-World-Bestiary/Squeaker.html,_posts/Gamma World/2023-04-07-Squeaker.md,Squeaker | Ted Tschopp,https://tedt.org/img/Site-Logo.webp,generic site logo fallback,/img/social/gamma-world-bestiary-squeaker-html-social.webp
https://tedt.org/Gamma-World-Bestiary/Standardized.html,_posts/Gamma World/2023-04-07-Standardized.md,Standardized | Ted Tschopp,https://tedt.org/img/Site-Logo.webp,generic site logo fallback,/img/social/gamma-world-bestiary-standardized-html-social.webp
https://tedt.org/Gamma-World-Bestiary/Staph.html,_posts/Gamma World/2023-04-07-Staph.md,Staph | Ted Tschopp,https://tedt.org/img/Site-Logo.webp,generic site logo fallback,/img/social/gamma-world-bestiary-staph-html-social.webp
https://tedt.org/Gamma-World-Bestiary/Starfish-Cactus.html,_posts/Gamma World/2023-04-07-Starfish-Cactus.md,Starfish Cactus | Ted Tschopp,https://tedt.org/img/Site-Logo.webp,generic site logo fallback,/img/social/gamma-world-bestiary-starfish-cactus-html-social.webp
https://tedt.org/Gamma-World-Bestiary/Stepford.html,_posts/Gamma World/2023-04-07-Stepford.md,Stepford | Ted Tschopp,https://tedt.org/img/Site-Logo.webp,generic site logo fallback,/img/social/gamma-world-bestiary-stepford-html-social.webp
https://tedt.org/Gamma-World-Bestiary/Sticky-Jelly-Rismish.html,_posts/Gamma World/2023-04-07-Sticky-Jelly-Rismish.md,Sticky Jelly «Rismish» | Ted Tschopp,https://tedt.org/img/Site-Logo.webp,generic site logo fallback,/img/social/gamma-world-bestiary-sticky-jelly-rismish-html-social.webp
https://tedt.org/Gamma-World-Bestiary/Sticky.html,_posts/Gamma World/2023-04-07-Sticky.md,Sticky | Ted Tschopp,https://tedt.org/img/Site-Logo.webp,generic site logo fallback,/img/social/gamma-world-bestiary-sticky-html-social.webp
https://tedt.org/Gamma-World-Bestiary/Stilt-Palm.html,_posts/Gamma World/2023-04-07-Stilt-Palm.md,Stilt Palm | Ted Tschopp,https://tedt.org/img/Site-Logo.webp,generic site logo fallback,/img/social/gamma-world-bestiary-stilt-palm-html-social.webp
https://tedt.org/Gamma-World-Bestiary/Stonefish-Ert.html,_posts/Gamma World/2023-04-07-Stonefish-Ert.md,Stonefish «Ert» | Ted Tschopp,https://tedt.org/img/Site-Logo.webp,generic site logo fallback,/img/social/gamma-world-bestiary-stonefish-ert-html-social.webp
https://tedt.org/Gamma-World-Bestiary/Strange-Ones-Nthlai.html,_posts/Gamma World/2023-04-07-Strange-Ones-Nthlai.md,Strange Ones «N'thlai» | Ted Tschopp,https://tedt.org/img/Site-Logo.webp,generic site logo fallback,/img/social/gamma-world-bestiary-strange-ones-nthlai-html-social.webp
https://tedt.org/Gamma-World-Bestiary/Strangle.html,_posts/Gamma World/2023-04-07-Strangle.md,Strangle | Ted Tschopp,https://tedt.org/img/Site-Logo.webp,generic site logo fallback,/img/social/gamma-world-bestiary-strangle-html-social.webp
https://tedt.org/Gamma-World-Bestiary/Studded-Dragon-Felgon.html,_posts/Gamma World/2023-04-07-Studded-Dragon-Felgon.md,Studded Dragon «Felgon» | Ted Tschopp,https://tedt.org/img/Site-Logo.webp,generic site logo fallback,/img/social/gamma-world-bestiary-studded-dragon-felgon-html-social.webp
https://tedt.org/Gamma-World-Bestiary/Stupmers-Stuhumphagas.html,_posts/Gamma World/2023-04-07-Stupmers-Stuhumphagas.md,Stupmers «Stuhumphagas» | Ted Tschopp,https://tedt.org/img/Site-Logo.webp,generic site logo fallback,/img/social/gamma-world-bestiary-stupmers-stuhumphagas-html-social.webp
https://tedt.org/Gamma-World-Bestiary/Sucker-Snake-Sucslith.html,_posts/Gamma World/2023-04-07-Sucker-Snake-Sucslith.md,Sucker Snake «Sucslith» | Ted Tschopp,https://tedt.org/img/Site-Logo.webp,generic site logo fallback,/img/social/gamma-world-bestiary-sucker-snake-sucslith-html-social.webp
https://tedt.org/Gamma-World-Bestiary/Sword-Beetles-Parn.html,_posts/Gamma World/2023-04-07-Sword-Beetles-Parn.md,Sword Beetles «Parn» | Ted Tschopp,https://tedt.org/img/Site-Logo.webp,generic site logo fallback,/img/social/gamma-world-bestiary-sword-beetles-parn-html-social.webp
https://tedt.org/Gamma-World-Bestiary/TLarryn.html,_posts/Gamma World/2023-04-07-TLarryn.md,T'Larryn | Ted Tschopp,https://tedt.org/img/Site-Logo.webp,generic site logo fallback,/img/social/gamma-world-bestiary-tlarryn-html-social.webp
https://tedt.org/Gamma-World-Bestiary/Tall-Slasher-Maali-Village.html,_posts/Gamma World/2023-04-07-Tall-Slasher-Maali-Village.md,Tall Slasher «Maali-Village» | Ted Tschopp,https://tedt.org/img/Site-Logo.webp,generic site logo fallback,/img/social/gamma-world-bestiary-tall-slasher-maali-village-html-social.webp
https://tedt.org/Gamma-World-Bestiary/Tall-Slasher-Maali-alone.html,_posts/Gamma World/2023-04-07-Tall-Slasher-Maali--alone.md,Tall Slasher «Maali - alone» | Ted Tschopp,https://tedt.org/img/Site-Logo.webp,generic site logo fallback,/img/social/gamma-world-bestiary-tall-slasher-maali-alone-html-social.webp
https://tedt.org/Gamma-World-Bestiary/Tangh.html,_posts/Gamma World/2023-04-07-Tangh.md,Tangh | Ted Tschopp,https://tedt.org/img/Site-Logo.webp,generic site logo fallback,/img/social/gamma-world-bestiary-tangh-html-social.webp
https://tedt.org/Gamma-World-Bestiary/Tanglepus.html,_posts/Gamma World/2023-04-07-Tanglepus.md,Tanglepus | Ted Tschopp,https://tedt.org/img/Site-Logo.webp,generic site logo fallback,/img/social/gamma-world-bestiary-tanglepus-html-social.webp
https://tedt.org/Gamma-World-Bestiary/Tani.html,_posts/Gamma World/2023-04-07-Tani.md,Tani | Ted Tschopp,https://tedt.org/img/Site-Logo.webp,generic site logo fallback,/img/social/gamma-world-bestiary-tani-html-social.webp
https://tedt.org/Gamma-World-Bestiary/Tank-1-Far-West.html,_posts/Gamma World/2023-04-07-Tank-1--Far-West.md,Tank 1 - Far West | Ted Tschopp,https://tedt.org/img/Site-Logo.webp,generic site logo fallback,/img/social/gamma-world-bestiary-tank-1-far-west-html-social.webp
https://tedt.org/Gamma-World-Bestiary/Tank-2.html,_posts/Gamma World/2023-04-07-Tank-2.md,Tank 2 | Ted Tschopp,https://tedt.org/img/Site-Logo.webp,generic site logo fallback,/img/social/gamma-world-bestiary-tank-2-html-social.webp
https://tedt.org/Gamma-World-Bestiary/Tank-3.html,_posts/Gamma World/2023-04-07-Tank-3.md,Tank 3 | Ted Tschopp,https://tedt.org/img/Site-Logo.webp,generic site logo fallback,/img/social/gamma-world-bestiary-tank-3-html-social.webp
https://tedt.org/Gamma-World-Bestiary/Tank-4.html,_posts/Gamma World/2023-04-07-Tank-4.md,Tank 4 | Ted Tschopp,https://tedt.org/img/Site-Logo.webp,generic site logo fallback,/img/social/gamma-world-bestiary-tank-4-html-social.webp
https://tedt.org/Gamma-World-Bestiary/Tarn-Zeb.html,_posts/Gamma World/2023-04-07-Tarn-Zeb.md,Tarn Zeb | Ted Tschopp,https://tedt.org/img/Site-Logo.webp,generic site logo fallback,/img/social/gamma-world-bestiary-tarn-zeb-html-social.webp
https://tedt.org/Gamma-World-Bestiary/Taterbug-Giant-Potato-Bug.html,_posts/Gamma World/2023-04-07-Taterbug-Giant-Potato-Bug.md,Taterbug «Giant Potato Bug» | Ted Tschopp,https://tedt.org/img/Site-Logo.webp,generic site logo fallback,/img/social/gamma-world-bestiary-taterbug-giant-potato-bug-html-social.webp
https://tedt.org/Gamma-World-Bestiary/Teacher-Bot-Automaton.html,_posts/Gamma World/2023-04-07-Teacher-Bot-Automaton.md,Teacher Bot «Automaton» | Ted Tschopp,https://tedt.org/img/Site-Logo.webp,generic site logo fallback,/img/social/gamma-world-bestiary-teacher-bot-automaton-html-social.webp
https://tedt.org/Gamma-World-Bestiary/Teakettler.html,_posts/Gamma World/2023-04-07-Teakettler.md,Teakettler | Ted Tschopp,https://tedt.org/img/Site-Logo.webp,generic site logo fallback,/img/social/gamma-world-bestiary-teakettler-html-social.webp
https://tedt.org/Gamma-World-Bestiary/Tear-bush-Teakel.html,_posts/Gamma World/2023-04-07-Tear-bush-Teakel.md,Tear bush «Teakel» | Ted Tschopp,https://tedt.org/img/Site-Logo.webp,generic site logo fallback,/img/social/gamma-world-bestiary-tear-bush-teakel-html-social.webp
https://tedt.org/Gamma-World-Bestiary/Tech-Bane-NeepNeep.html,_posts/Gamma World/2023-04-07-Tech-Bane-NeepNeep.md,Tech Bane «NeepNeep» | Ted Tschopp,https://tedt.org/img/Site-Logo.webp,generic site logo fallback,/img/social/gamma-world-bestiary-tech-bane-neepneep-html-social.webp
https://tedt.org/Gamma-World-Bestiary/Tehwhisz.html,_posts/Gamma World/2023-04-07-Tehwhisz.md,Tehwhisz | Ted Tschopp,https://tedt.org/img/Site-Logo.webp,generic site logo fallback,/img/social/gamma-world-bestiary-tehwhisz-html-social.webp
https://tedt.org/Gamma-World-Bestiary/Telenha.html,_posts/Gamma World/2023-04-07-Telenha.md,Telenha | Ted Tschopp,https://tedt.org/img/Site-Logo.webp,generic site logo fallback,/img/social/gamma-world-bestiary-telenha-html-social.webp
https://tedt.org/Gamma-World-Bestiary/Temperate-Forest.html,_posts/Gamma World/2023-04-07-Temperate-Forest.md,Temperate Forest | Ted Tschopp,https://tedt.org/img/Site-Logo.webp,generic site logo fallback,/img/social/gamma-world-bestiary-temperate-forest-html-social.webp
https://tedt.org/Gamma-World-Bestiary/Tentacled-Ghoul.html,_posts/Gamma World/2023-04-07-Tentacled-Ghoul.md,Tentacled Ghoul | Ted Tschopp,https://tedt.org/img/Site-Logo.webp,generic site logo fallback,/img/social/gamma-world-bestiary-tentacled-ghoul-html-social.webp
https://tedt.org/Gamma-World-Bestiary/Termite-Folk-Buggem.html,_posts/Gamma World/2023-04-07-Termite-Folk-Buggem.md,Termite Folk «Buggem» | Ted Tschopp,https://tedt.org/img/Site-Logo.webp,generic site logo fallback,/img/social/gamma-world-bestiary-termite-folk-buggem-html-social.webp
https://tedt.org/Gamma-World-Bestiary/Terrorbird.html,_posts/Gamma World/2023-04-07-Terrorbird.md,Terrorbird | Ted Tschopp,https://tedt.org/img/Site-Logo.webp,generic site logo fallback,/img/social/gamma-world-bestiary-terrorbird-html-social.webp
https://tedt.org/Gamma-World-Bestiary/Terrorbirds-Hawkoid.html,_posts/Gamma World/2023-04-07-Terrorbirds-Hawkoid.md,Terrorbirds «Hawkoid» | Ted Tschopp,https://tedt.org/img/Site-Logo.webp,generic site logo fallback,/img/social/gamma-world-bestiary-terrorbirds-hawkoid-html-social.webp
https://tedt.org/Gamma-World-Bestiary/Tesseract-Spider.html,_posts/Gamma World/2023-04-07-Tesseract-Spider.md,Tesseract Spider | Ted Tschopp,https://tedt.org/img/Site-Logo.webp,generic site logo fallback,/img/social/gamma-world-bestiary-tesseract-spider-html-social.webp
https://tedt.org/Gamma-World-Bestiary/That-Which-Flies-the-Moon-BuDaan.html,_posts/Gamma World/2023-04-07-That-Which-Flies-the-Moon-BuDaan.md,That Which Flies the Moon «Bu'Daan» | Ted Tschopp,https://tedt.org/img/Site-Logo.webp,generic site logo fallback,/img/social/gamma-world-bestiary-that-which-flies-the-moon-budaan-html-social.webp
https://tedt.org/Gamma-World-Bestiary/That-Which-is-Dependable-Sredaan.html,_posts/Gamma World/2023-04-07-That-Which-is-Dependable-Sredaan.md,That Which is Dependable «S're'daan» | Ted Tschopp,https://tedt.org/img/Site-Logo.webp,generic site logo fallback,/img/social/gamma-world-bestiary-that-which-is-dependable-sredaan-html-social.webp
https://tedt.org/Gamma-World-Bestiary/That-which-is-hideous-Vath.html,_posts/Gamma World/2023-04-07-That-which-is-hideous-Vath.md,That which is hideous «V'ath» | Ted Tschopp,https://tedt.org/img/Site-Logo.webp,generic site logo fallback,/img/social/gamma-world-bestiary-that-which-is-hideous-vath-html-social.webp
https://tedt.org/Gamma-World-Bestiary/The-Black-Plague-Firebugs.html,_posts/Gamma World/2023-04-07-The-Black-Plague-Firebugs.md,The Black Plague «Firebugs» | Ted Tschopp,https://tedt.org/img/Site-Logo.webp,generic site logo fallback,/img/social/gamma-world-bestiary-the-black-plague-firebugs-html-social.webp
https://tedt.org/Gamma-World-Bestiary/The-Companion.html,_posts/Gamma World/2023-04-07-The-Companion.md,The Companion | Ted Tschopp,https://tedt.org/img/Site-Logo.webp,generic site logo fallback,/img/social/gamma-world-bestiary-the-companion-html-social.webp
https://tedt.org/Gamma-World-Bestiary/The-Great-Zutperk.html,_posts/Gamma World/2023-04-07-The-Great-Zutperk.md,The Great «Zutperk» | Ted Tschopp,https://tedt.org/img/Site-Logo.webp,generic site logo fallback,/img/social/gamma-world-bestiary-the-great-zutperk-html-social.webp
https://tedt.org/Gamma-World-Bestiary/The-Guard-Spartans-(10).html,_posts/Gamma World/2023-04-07-The-Guard-Spartans-(10).md,The Guard Spartans (10) | Ted Tschopp,https://tedt.org/img/Site-Logo.webp,generic site logo fallback,/img/social/gamma-world-bestiary-the-guard-spartans-10-html-social.webp
https://tedt.org/Gamma-World-Bestiary/The-Master.html,_posts/Gamma World/2023-04-07-The-Master.md,The Master | Ted Tschopp,https://tedt.org/img/Site-Logo.webp,generic site logo fallback,/img/social/gamma-world-bestiary-the-master-html-social.webp
https://tedt.org/Gamma-World-Bestiary/The-Trek-Droid.html,_posts/Gamma World/2023-04-07-The-Trek-Droid.md,The Trek Droid | Ted Tschopp,https://tedt.org/img/Site-Logo.webp,generic site logo fallback,/img/social/gamma-world-bestiary-the-trek-droid-html-social.webp
https://tedt.org/Gamma-World-Bestiary/Theeka.html,_posts/Gamma World/2023-04-07-Theeka.md,Theeka | Ted Tschopp,https://tedt.org/img/Site-Logo.webp,generic site logo fallback,/img/social/gamma-world-bestiary-theeka-html-social.webp
https://tedt.org/Gamma-World-Bestiary/Them-Encroaches.html,_posts/Gamma World/2023-04-07-Them-Encroaches.md,Them «Encroaches» | Ted Tschopp,https://tedt.org/img/Site-Logo.webp,generic site logo fallback,/img/social/gamma-world-bestiary-them-encroaches-html-social.webp
https://tedt.org/Gamma-World-Bestiary/Thile-Pirt.html,_posts/Gamma World/2023-04-07-Thile-Pirt.md,Thile Pirt | Ted Tschopp,https://tedt.org/img/Site-Logo.webp,generic site logo fallback,/img/social/gamma-world-bestiary-thile-pirt-html-social.webp
https://tedt.org/Gamma-World-Bestiary/Thing-of-the-Mind-Hrierf.html,_posts/Gamma World/2023-04-07-Thing-of-the-Mind-Hrierf.md,Thing of the Mind «Hrierf» | Ted Tschopp,https://tedt.org/img/Site-Logo.webp,generic site logo fallback,/img/social/gamma-world-bestiary-thing-of-the-mind-hrierf-html-social.webp
https://tedt.org/Gamma-World-Bestiary/Thnder-Clappers-Xloes.html,_posts/Gamma World/2023-04-07-Thnder-Clappers-Xloes.md,Thnder Clappers «Xloes» | Ted Tschopp,https://tedt.org/img/Site-Logo.webp,generic site logo fallback,/img/social/gamma-world-bestiary-thnder-clappers-xloes-html-social.webp
https://tedt.org/Gamma-World-Bestiary/Thought-Masters-Serf.html,_posts/Gamma World/2023-04-07-Thought-Masters-Serf.md,Thought Masters «Serf» | Ted Tschopp,https://tedt.org/img/Site-Logo.webp,generic site logo fallback,/img/social/gamma-world-bestiary-thought-masters-serf-html-social.webp
https://tedt.org/Gamma-World-Bestiary/Thra.html,_posts/Gamma World/2023-04-07-Thra.md,Thra | Ted Tschopp,https://tedt.org/img/Site-Logo.webp,generic site logo fallback,/img/social/gamma-world-bestiary-thra-html-social.webp
https://tedt.org/Gamma-World-Bestiary/Thrasher.html,_posts/Gamma World/2023-04-07-Thrasher.md,Thrasher | Ted Tschopp,https://tedt.org/img/Site-Logo.webp,generic site logo fallback,/img/social/gamma-world-bestiary-thrasher-html-social.webp
https://tedt.org/Gamma-World-Bestiary/Thrum-Scorpito.html,_posts/Gamma World/2023-04-07-Thrum-Scorpito.md,Thrum «Scorpito» | Ted Tschopp,https://tedt.org/img/Site-Logo.webp,generic site logo fallback,/img/social/gamma-world-bestiary-thrum-scorpito-html-social.webp
https://tedt.org/Gamma-World-Bestiary/Thunder-Lizard-Kamodo.html,_posts/Gamma World/2023-04-07-Thunder-Lizard-Kamodo.md,Thunder Lizard «Kamodo» | Ted Tschopp,https://tedt.org/img/Site-Logo.webp,generic site logo fallback,/img/social/gamma-world-bestiary-thunder-lizard-kamodo-html-social.webp
https://tedt.org/Gamma-World-Bestiary/Thunderbird.html,_posts/Gamma World/2023-04-07-Thunderbird.md,Thunderbird | Ted Tschopp,https://tedt.org/img/Site-Logo.webp,generic site logo fallback,/img/social/gamma-world-bestiary-thunderbird-html-social.webp
https://tedt.org/Gamma-World-Bestiary/Thunderbirds-Hogart.html,_posts/Gamma World/2023-04-07-Thunderbirds-Hogart.md,Thunderbirds «Hogart» | Ted Tschopp,https://tedt.org/img/Site-Logo.webp,generic site logo fallback,/img/social/gamma-world-bestiary-thunderbirds-hogart-html-social.webp
https://tedt.org/Gamma-World-Bestiary/Thuntra.html,_posts/Gamma World/2023-04-07-Thuntra.md,Thuntra | Ted Tschopp,https://tedt.org/img/Site-Logo.webp,generic site logo fallback,/img/social/gamma-world-bestiary-thuntra-html-social.webp
https://tedt.org/Gamma-World-Bestiary/Tibenpayher.html,_posts/Gamma World/2023-04-07-Tibenpayher.md,Tibenpayher | Ted Tschopp,https://tedt.org/img/Site-Logo.webp,generic site logo fallback,/img/social/gamma-world-bestiary-tibenpayher-html-social.webp
https://tedt.org/Gamma-World-Bestiary/Tiger-Beetles-Herp.html,_posts/Gamma World/2023-04-07-Tiger-Beetles-Herp.md,Tiger Beetles «Herp» | Ted Tschopp,https://tedt.org/img/Site-Logo.webp,generic site logo fallback,/img/social/gamma-world-bestiary-tiger-beetles-herp-html-social.webp
https://tedt.org/Gamma-World-Bestiary/Timon.html,_posts/Gamma World/2023-04-07-Timon.md,Timon | Ted Tschopp,https://tedt.org/img/Site-Logo.webp,generic site logo fallback,/img/social/gamma-world-bestiary-timon-html-social.webp
https://tedt.org/Gamma-World-Bestiary/Timons-Dabber-Agent.html,_posts/Gamma World/2023-04-07-Timons-Dabber-Agent.md,Timon's Dabber Agent | Ted Tschopp,https://tedt.org/img/Site-Logo.webp,generic site logo fallback,/img/social/gamma-world-bestiary-timons-dabber-agent-html-social.webp
https://tedt.org/Gamma-World-Bestiary/Torel-Plant.html,_posts/Gamma World/2023-04-07-Torel-Plant.md,Torel Plant | Ted Tschopp,https://tedt.org/img/Site-Logo.webp,generic site logo fallback,/img/social/gamma-world-bestiary-torel-plant-html-social.webp
https://tedt.org/Gamma-World-Bestiary/Tracker.html,_posts/Gamma World/2023-04-07-Tracker.md,Tracker | Ted Tschopp,https://tedt.org/img/Site-Logo.webp,generic site logo fallback,/img/social/gamma-world-bestiary-tracker-html-social.webp
https://tedt.org/Gamma-World-Bestiary/Transport-Bot-Cargo-Transport-Large.html,_posts/Gamma World/2023-04-07-Transport-Bot-Cargo-Transport--Large.md,Transport Bot «Cargo Transport - Large» | Ted Tschopp,https://tedt.org/img/Site-Logo.webp,generic site logo fallback,/img/social/gamma-world-bestiary-transport-bot-cargo-transport-large-html-social.webp
https://tedt.org/Gamma-World-Bestiary/Trap-Worm.html,_posts/Gamma World/2023-04-07-Trap-Worm.md,Trap Worm | Ted Tschopp,https://tedt.org/img/Site-Logo.webp,generic site logo fallback,/img/social/gamma-world-bestiary-trap-worm-html-social.webp
https://tedt.org/Gamma-World-Bestiary/Trechlily.html,_posts/Gamma World/2023-04-07-Trechlily.md,Trechlily | Ted Tschopp,https://tedt.org/img/Site-Logo.webp,generic site logo fallback,/img/social/gamma-world-bestiary-trechlily-html-social.webp
https://tedt.org/Gamma-World-Bestiary/Tree-Fish-Terl.html,_posts/Gamma World/2023-04-07-Tree-Fish-Terl.md,Tree Fish «Terl» | Ted Tschopp,https://tedt.org/img/Site-Logo.webp,generic site logo fallback,/img/social/gamma-world-bestiary-tree-fish-terl-html-social.webp
https://tedt.org/Gamma-World-Bestiary/Tree-Gator-Screps.html,_posts/Gamma World/2023-04-07-Tree-Gator-Screps.md,Tree Gator «Screps» | Ted Tschopp,https://tedt.org/img/Site-Logo.webp,generic site logo fallback,/img/social/gamma-world-bestiary-tree-gator-screps-html-social.webp
https://tedt.org/Gamma-World-Bestiary/Tricksters-Jestes.html,_posts/Gamma World/2023-04-07-Tricksters-Jestes.md,Tricksters «Jestes» | Ted Tschopp,https://tedt.org/img/Site-Logo.webp,generic site logo fallback,/img/social/gamma-world-bestiary-tricksters-jestes-html-social.webp
https://tedt.org/Gamma-World-Bestiary/Tropical-Grass.html,_posts/Gamma World/2023-04-07-Tropical-Grass.md,Tropical Grass | Ted Tschopp,https://tedt.org/img/Site-Logo.webp,generic site logo fallback,/img/social/gamma-world-bestiary-tropical-grass-html-social.webp
https://tedt.org/Gamma-World-Bestiary/Tropical-Rainforest.html,_posts/Gamma World/2023-04-07-Tropical-Rainforest.md,Tropical Rainforest | Ted Tschopp,https://tedt.org/img/Site-Logo.webp,generic site logo fallback,/img/social/gamma-world-bestiary-tropical-rainforest-html-social.webp
https://tedt.org/Gamma-World-Bestiary/Turing-Pariah.html,_posts/Gamma World/2023-04-07-Turing-Pariah.md,Turing Pariah | Ted Tschopp,https://tedt.org/img/Site-Logo.webp,generic site logo fallback,/img/social/gamma-world-bestiary-turing-pariah-html-social.webp
https://tedt.org/Gamma-World-Bestiary/Two-Horn-Boarz.html,_posts/Gamma World/2023-04-07-Two-Horn-Boarz.md,Two Horn «Boarz» | Ted Tschopp,https://tedt.org/img/Site-Logo.webp,generic site logo fallback,/img/social/gamma-world-bestiary-two-horn-boarz-html-social.webp
https://tedt.org/Gamma-World-Bestiary/Tyghone.html,_posts/Gamma World/2023-04-07-Tyghone.md,Ty'ghone | Ted Tschopp,https://tedt.org/img/Site-Logo.webp,generic site logo fallback,/img/social/gamma-world-bestiary-tyghone-html-social.webp
https://tedt.org/Gamma-World-Bestiary/Tyrant.html,_posts/Gamma World/2023-04-07-Tyrant.md,Tyrant | Ted Tschopp,https://tedt.org/img/Site-Logo.webp,generic site logo fallback,/img/social/gamma-world-bestiary-tyrant-html-social.webp
https://tedt.org/Gamma-World-Bestiary/Ugly-Friend-Holcut.html,_posts/Gamma World/2023-04-07-Ugly-Friend-Holcut.md,Ugly Friend «Holcut» | Ted Tschopp,https://tedt.org/img/Site-Logo.webp,generic site logo fallback,/img/social/gamma-world-bestiary-ugly-friend-holcut-html-social.webp
https://tedt.org/Gamma-World-Bestiary/Ugly-Friend-Jeremiahs-Holcut.html,_posts/Gamma World/2023-04-07-Ugly-Friend-Jeremiahs-Holcut.md,Ugly Friend «Jeremiah's Holcut» | Ted Tschopp,https://tedt.org/img/Site-Logo.webp,generic site logo fallback,/img/social/gamma-world-bestiary-ugly-friend-jeremiahs-holcut-html-social.webp
https://tedt.org/Gamma-World-Bestiary/Ultravore.html,_posts/Gamma World/2023-04-07-Ultravore.md,Ultravore | Ted Tschopp,https://tedt.org/img/Site-Logo.webp,generic site logo fallback,/img/social/gamma-world-bestiary-ultravore-html-social.webp
https://tedt.org/Gamma-World-Bestiary/Underwater-tracking-drone-(cyber)-Manhunter-Underwater-Drone.html,_posts/Gamma World/2023-04-07-Underwater-tracking-drone-(cyber)-Manhunter--Underwater-Drone.md,Underwater tracking drone (cyber) «Manhunter - Underwater Drone» | Ted Tschopp,https://tedt.org/img/Site-Logo.webp,generic site logo fallback,/img/social/gamma-world-bestiary-underwater-tracking-drone-cyber-manhunter-underwater-drone-html-social.webp
https://tedt.org/Gamma-World-Bestiary/Vegepygmy.html,_posts/Gamma World/2023-04-07-Vegepygmy.md,Vegepygmy | Ted Tschopp,https://tedt.org/img/Site-Logo.webp,generic site logo fallback,/img/social/gamma-world-bestiary-vegepygmy-html-social.webp
https://tedt.org/Gamma-World-Bestiary/Vent-Worm.html,_posts/Gamma World/2023-04-07-Vent-Worm.md,Vent Worm | Ted Tschopp,https://tedt.org/img/Site-Logo.webp,generic site logo fallback,/img/social/gamma-world-bestiary-vent-worm-html-social.webp
https://tedt.org/Gamma-World-Bestiary/Villain-that-Hides-and-Kills-VeneaMub.html,_posts/Gamma World/2023-04-07-Villain-that-Hides-and-Kills-VeneaMub.md,Villain that Hides and Kills «Vene'aMub» | Ted Tschopp,https://tedt.org/img/Site-Logo.webp,generic site logo fallback,/img/social/gamma-world-bestiary-villain-that-hides-and-kills-veneamub-html-social.webp
https://tedt.org/Gamma-World-Bestiary/Virguven.html,_posts/Gamma World/2023-04-07-Virguven.md,Virguven | Ted Tschopp,https://tedt.org/img/Site-Logo.webp,generic site logo fallback,/img/social/gamma-world-bestiary-virguven-html-social.webp
https://tedt.org/Gamma-World-Bestiary/Visitor.html,_posts/Gamma World/2023-04-07-Visitor.md,Visitor | Ted Tschopp,https://tedt.org/img/Site-Logo.webp,generic site logo fallback,/img/social/gamma-world-bestiary-visitor-html-social.webp
https://tedt.org/Gamma-World-Bestiary/Waiter-Bots-General-Robotoid.html,_posts/Gamma World/2023-04-07-Waiter-Bots-General-Robotoid.md,Waiter Bots «General Robotoid» | Ted Tschopp,https://tedt.org/img/Site-Logo.webp,generic site logo fallback,/img/social/gamma-world-bestiary-waiter-bots-general-robotoid-html-social.webp
https://tedt.org/Gamma-World-Bestiary/Waja.html,_posts/Gamma World/2023-04-07-Waja.md,Waja | Ted Tschopp,https://tedt.org/img/Site-Logo.webp,generic site logo fallback,/img/social/gamma-world-bestiary-waja-html-social.webp
https://tedt.org/Gamma-World-Bestiary/Walking-Tower.html,_posts/Gamma World/2023-04-07-Walking-Tower.md,Walking Tower | Ted Tschopp,https://tedt.org/img/Site-Logo.webp,generic site logo fallback,/img/social/gamma-world-bestiary-walking-tower-html-social.webp
https://tedt.org/Gamma-World-Bestiary/Warbot-Warbot.html,_posts/Gamma World/2023-04-07-Warbot-Warbot.md,Warbot «Warbot» | Ted Tschopp,https://tedt.org/img/Site-Logo.webp,generic site logo fallback,/img/social/gamma-world-bestiary-warbot-warbot-html-social.webp
https://tedt.org/Gamma-World-Bestiary/Wargs-Podog.html,_posts/Gamma World/2023-04-07-Wargs-Podog.md,Wargs «Podog» | Ted Tschopp,https://tedt.org/img/Site-Logo.webp,generic site logo fallback,/img/social/gamma-world-bestiary-wargs-podog-html-social.webp
https://tedt.org/Gamma-World-Bestiary/Watchcat.html,_posts/Gamma World/2023-04-07-Watchcat.md,Watchcat | Ted Tschopp,https://tedt.org/img/Site-Logo.webp,generic site logo fallback,/img/social/gamma-world-bestiary-watchcat-html-social.webp
https://tedt.org/Gamma-World-Bestiary/Water-Walker-Gertal.html,_posts/Gamma World/2023-04-07-Water-Walker-Gertal.md,Water Walker «Ger'tal» | Ted Tschopp,https://tedt.org/img/Site-Logo.webp,generic site logo fallback,/img/social/gamma-world-bestiary-water-walker-gertal-html-social.webp
https://tedt.org/Gamma-World-Bestiary/Water-Weirds-Keeshin.html,_posts/Gamma World/2023-04-07-Water-Weirds-Keeshin.md,Water Weirds «Keeshin» | Ted Tschopp,https://tedt.org/img/Site-Logo.webp,generic site logo fallback,/img/social/gamma-world-bestiary-water-weirds-keeshin-html-social.webp
https://tedt.org/Gamma-World-Bestiary/Watery-Slime-Shinarl.html,_posts/Gamma World/2023-04-07-Watery-Slime-Shinarl.md,Watery Slime «Shinarl» | Ted Tschopp,https://tedt.org/img/Site-Logo.webp,generic site logo fallback,/img/social/gamma-world-bestiary-watery-slime-shinarl-html-social.webp
https://tedt.org/Gamma-World-Bestiary/Wee-Ones-Lil.html,_posts/Gamma World/2023-04-07-Wee-Ones-Lil.md,Wee Ones «Lil» | Ted Tschopp,https://tedt.org/img/Site-Logo.webp,generic site logo fallback,/img/social/gamma-world-bestiary-wee-ones-lil-html-social.webp
https://tedt.org/Gamma-World-Bestiary/Weirbuled.html,_posts/Gamma World/2023-04-07-Weirbuled.md,Weirbuled | Ted Tschopp,https://tedt.org/img/Site-Logo.webp,generic site logo fallback,/img/social/gamma-world-bestiary-weirbuled-html-social.webp
https://tedt.org/Gamma-World-Bestiary/Weirbulen.html,_posts/Gamma World/2023-04-07-Weirbulen.md,Weirbulen | Ted Tschopp,https://tedt.org/img/Site-Logo.webp,generic site logo fallback,/img/social/gamma-world-bestiary-weirbulen-html-social.webp
https://tedt.org/Gamma-World-Bestiary/WessWreel.html,_posts/Gamma World/2023-04-07-WessWreel.md,WessWreel | Ted Tschopp,https://tedt.org/img/Site-Logo.webp,generic site logo fallback,/img/social/gamma-world-bestiary-wesswreel-html-social.webp
https://tedt.org/Gamma-World-Bestiary/Wessex.html,_posts/Gamma World/2023-04-07-Wessex.md,Wessex | Ted Tschopp,https://tedt.org/img/Site-Logo.webp,generic site logo fallback,/img/social/gamma-world-bestiary-wessex-html-social.webp
https://tedt.org/Gamma-World-Bestiary/Westford.html,_posts/Gamma World/2023-04-07-Westford.md,Westford | Ted Tschopp,https://tedt.org/img/Site-Logo.webp,generic site logo fallback,/img/social/gamma-world-bestiary-westford-html-social.webp
https://tedt.org/Gamma-World-Bestiary/Whirligig-Belo.html,_posts/Gamma World/2023-04-07-Whirligig-Belo.md,Whirligig «Belo» | Ted Tschopp,https://tedt.org/img/Site-Logo.webp,generic site logo fallback,/img/social/gamma-world-bestiary-whirligig-belo-html-social.webp
https://tedt.org/Gamma-World-Bestiary/Wolf-Folk-Howler.html,_posts/Gamma World/2023-04-07-Wolf-Folk-Howler.md,Wolf Folk «Howler» | Ted Tschopp,https://tedt.org/img/Site-Logo.webp,generic site logo fallback,/img/social/gamma-world-bestiary-wolf-folk-howler-html-social.webp
https://tedt.org/Gamma-World-Bestiary/Wraith.html,_posts/Gamma World/2023-04-07-Wraith.md,Wraith | Ted Tschopp,https://tedt.org/img/Site-Logo.webp,generic site logo fallback,/img/social/gamma-world-bestiary-wraith-html-social.webp
https://tedt.org/Gamma-World-Bestiary/X-Unit-Sleigh.html,_posts/Gamma World/2023-04-07-X-Unit-Sleigh.md,X Unit Sleigh | Ted Tschopp,https://tedt.org/img/Site-Logo.webp,generic site logo fallback,/img/social/gamma-world-bestiary-x-unit-sleigh-html-social.webp
https://tedt.org/Gamma-World-Bestiary/X.M.A.S.html,_posts/Gamma World/2023-04-07-X.M.A.S.md,X.M.A.S | Ted Tschopp,https://tedt.org/img/Site-Logo.webp,generic site logo fallback,/img/social/gamma-world-bestiary-x-m-a-s-html-social.webp
https://tedt.org/Gamma-World-Bestiary/Xxen.html,_posts/Gamma World/2023-04-07-Xxen.md,Xxen | Ted Tschopp,https://tedt.org/img/Site-Logo.webp,generic site logo fallback,/img/social/gamma-world-bestiary-xxen-html-social.webp
https://tedt.org/Gamma-World-Bestiary/Yaager.html,_posts/Gamma World/2023-04-07-Yaager.md,Yaager | Ted Tschopp,https://tedt.org/img/Site-Logo.webp,generic site logo fallback,/img/social/gamma-world-bestiary-yaager-html-social.webp
https://tedt.org/Gamma-World-Bestiary/Yellow-Belly.html,_posts/Gamma World/2023-04-07-Yellow-Belly.md,Yellow Belly | Ted Tschopp,https://tedt.org/img/Site-Logo.webp,generic site logo fallback,/img/social/gamma-world-bestiary-yellow-belly-html-social.webp
https://tedt.org/Gamma-World-Bestiary/Yellow-Living-Mold-Cyn-Ixon.html,_posts/Gamma World/2023-04-07-Yellow-Living-Mold-Cyn-Ixon.md,Yellow Living Mold «Cyn I'xon» | Ted Tschopp,https://tedt.org/img/Site-Logo.webp,generic site logo fallback,/img/social/gamma-world-bestiary-yellow-living-mold-cyn-ixon-html-social.webp
https://tedt.org/Gamma-World-Bestiary/Yellow-Tanglers-Win-Seen-or-Yellow-Winislean.html,_posts/Gamma World/2023-04-07-Yellow-Tanglers-Win-Seen-or-Yellow-Winislean.md,Yellow Tanglers «Win Seen or Yellow Winislean» | Ted Tschopp,https://tedt.org/img/Site-Logo.webp,generic site logo fallback,/img/social/gamma-world-bestiary-yellow-tanglers-win-seen-or-yellow-winislean-html-social.webp
https://tedt.org/Gamma-World-Bestiary/Yukon.html,_posts/Gamma World/2023-04-07-Yukon.md,Yukon | Ted Tschopp,https://tedt.org/img/Site-Logo.webp,generic site logo fallback,/img/social/gamma-world-bestiary-yukon-html-social.webp
https://tedt.org/Gamma-World-Bestiary/Zap-Lizards-Gliders.html,_posts/Gamma World/2023-04-07-Zap-Lizards-Gliders.md,Zap Lizards «Gliders» | Ted Tschopp,https://tedt.org/img/Site-Logo.webp,generic site logo fallback,/img/social/gamma-world-bestiary-zap-lizards-gliders-html-social.webp
https://tedt.org/Gamma-World-Bestiary/Zap-Mice-Rodqas.html,_posts/Gamma World/2023-04-07-Zap-Mice-Rodqas.md,Zap Mice «Rodqas» | Ted Tschopp,https://tedt.org/img/Site-Logo.webp,generic site logo fallback,/img/social/gamma-world-bestiary-zap-mice-rodqas-html-social.webp
https://tedt.org/Gamma-World-Bestiary/Zayshin.html,_posts/Gamma World/2023-04-07-Zayshin.md,Zayshin | Ted Tschopp,https://tedt.org/img/Site-Logo.webp,generic site logo fallback,/img/social/gamma-world-bestiary-zayshin-html-social.webp
https://tedt.org/Henry-Ford-Thinking-is-the-hardest-work-t/,_posts/Quotes/1928-04-01-Henry-Ford-Thinking-is-the-hardest-work-t.md,Thinking Is the Hardest Work – Henry Ford | Ted Tschopp,https://tedt.org/img/Site-Logo.webp,generic site logo fallback,/img/social/henry-ford-thinking-is-the-hardest-work-t-social.webp
https://tedt.org/Hippocrates-Life-is-short-and-art-long-to/,_posts/Quotes/0400-01-01-Hippocrates-Life-is-short-and-art-long-to.md,"Life Is Short, Art Long – Hippocrates | Ted Tschopp",https://tedt.org/img/Site-Logo.webp,generic site logo fallback,/img/social/hippocrates-life-is-short-and-art-long-to-social.webp
https://tedt.org/Horace-Dediu-Think-of-the-company-as-an-org/,_posts/Quotes/2012-06-20-Horace-Dediu-Think-of-the-company-as-an-org.md,Corporate Antibodies Against Innovation – Horace Dediu | Ted Tschopp,https://tedt.org/img/Site-Logo.webp,generic site logo fallback,/img/social/horace-dediu-think-of-the-company-as-an-org-social.webp
https://tedt.org/JRR-Tolkien-Fantasy-remains-a-human-right;/,_posts/Quotes/1939-01-01-JRR-Tolkien-Fantasy-remains-a-human-right;.md,Fantasy Remains a Human Right – J.R.R. Tolkien | Ted Tschopp,https://tedt.org/img/Site-Logo.webp,generic site logo fallback,/img/social/jrr-tolkien-fantasy-remains-a-human-right-social.webp
https://tedt.org/JRR-Tolkien-I-have-claimed-that-Escape-is/,_posts/Quotes/1939-01-01-JRR-Tolkien-I-have-claimed-that-Escape-is.md,Escape Is Not Desertion – J.R.R. Tolkien | Ted Tschopp,https://tedt.org/img/Site-Logo.webp,generic site logo fallback,/img/social/jrr-tolkien-i-have-claimed-that-escape-is-social.webp
https://tedt.org/JRR-Tolkien-I-wish-it-need-not-have-happe/,_posts/Quotes/1954-01-01-JRR-Tolkien-I-wish-it-need-not-have-happe.md,What to Do with the Time Given Us – Gandalf | Ted Tschopp,https://tedt.org/img/Site-Logo.webp,generic site logo fallback,/img/social/jrr-tolkien-i-wish-it-need-not-have-happe-social.webp
https://tedt.org/JRR-Tolkien-It-is-not-our-part-to-master-a/,_posts/Quotes/1955-01-01-JRR-Tolkien-It-is-not-our-part-to-master-a.md,Not Ours to Master All the Tides – J.R.R. Tolkien | Ted Tschopp,https://tedt.org/img/Site-Logo.webp,generic site logo fallback,/img/social/jrr-tolkien-it-is-not-our-part-to-master-a-social.webp
https://tedt.org/JRR-Tolkien-The-world-is-indeed-full-of-pe/,_posts/Quotes/1954-01-01-JRR-Tolkien-The-world-is-indeed-full-of-pe.md,"The World Is Full of Peril, Yet Fair – J.R.R. Tolkien | Ted Tschopp",https://tedt.org/img/Site-Logo.webp,generic site logo fallback,/img/social/jrr-tolkien-the-world-is-indeed-full-of-pe-social.webp
https://tedt.org/JRR-Tolkien-What-a-dreadful-fear-darkened/,_posts/Quotes/1981-01-01-JRR-Tolkien-What-a-dreadful-fear-darkened.md,Refusing to Worship the Hydra’s Heads – J.R.R. Tolkien | Ted Tschopp,https://tedt.org/img/Site-Logo.webp,generic site logo fallback,/img/social/jrr-tolkien-what-a-dreadful-fear-darkened-social.webp
https://tedt.org/Jack-Welch-Good-business-leaders-create-a/,_posts/Quotes/2015-01-01-Jack-Welch-Good-business-leaders-create-a.md,Creating and Driving Vision – Jack Welch | Ted Tschopp,https://tedt.org/img/Site-Logo.webp,generic site logo fallback,/img/social/jack-welch-good-business-leaders-create-a-social.webp
https://tedt.org/James-Cameron-Luck-is-not-a-factor-Hope-is/,_posts/Quotes/1997-01-01-James-Cameron-Luck-is-not-a-factor-Hope-is.md,Luck Is Not a Factor – James Cameron | Ted Tschopp,https://tedt.org/img/Site-Logo.webp,generic site logo fallback,/img/social/james-cameron-luck-is-not-a-factor-hope-is-social.webp
https://tedt.org/Jinsoo-An-The-perfect-piece-of-software/,_posts/Quotes/2007-01-01-Jinsoo-An-The-perfect-piece-of-software.md,The Perfect Software Is Sterile – Jinsoo An | Ted Tschopp,https://tedt.org/img/Site-Logo.webp,generic site logo fallback,/img/social/jinsoo-an-the-perfect-piece-of-software-social.webp
https://tedt.org/Jon-Udell-Human-beings-are-the-exception/,_posts/Quotes/2001-01-01-Jon-Udell-Human-beings-are-the-exception.md,Humans as Exception Handlers – Jon Udell | Ted Tschopp,https://tedt.org/img/Site-Logo.webp,generic site logo fallback,/img/social/jon-udell-human-beings-are-the-exception-social.webp
https://tedt.org/Kevin-Kelly-Anything-you-buy-you-must-m/,_posts/Quotes/2018-01-01-Kevin-Kelly-Anything-you-buy-you-must-m.md,You Will Be a Newbie Forever – Kevin Kelly | Ted Tschopp,https://tedt.org/img/Site-Logo.webp,generic site logo fallback,/img/social/kevin-kelly-anything-you-buy-you-must-m-social.webp
https://tedt.org/Marcus-Aurelius-Begin-the-morning-by-saying-to/,_posts/Quotes/0180-01-01-Marcus-Aurelius-Begin-the-morning-by-saying-to.md,Begin the Morning with Acceptance – Marcus Aurelius | Ted Tschopp,https://tedt.org/img/Site-Logo.webp,generic site logo fallback,/img/social/marcus-aurelius-begin-the-morning-by-saying-to-social.webp
https://tedt.org/Martin-Luther-A-householder-instructs-his-se/,_posts/Quotes/1566-01-01-Martin-Luther-A-householder-instructs-his-se.md,Deal Uprightly and Honestly – Martin Luther | Ted Tschopp,https://tedt.org/img/Site-Logo.webp,generic site logo fallback,/img/social/martin-luther-a-householder-instructs-his-se-social.webp
https://tedt.org/Martin-Luther-Deo-parentibus-et-magistris-n/,_posts/Quotes/1529-01-01-Martin-Luther-Deo-parentibus-et-magistris-n.md,"To God, Parents, and Teachers – Martin Luther | Ted Tschopp",https://tedt.org/img/Site-Logo.webp,generic site logo fallback,/img/social/martin-luther-deo-parentibus-et-magistris-n-social.webp
https://tedt.org/Martin-Luther-Governors-should-be-wise-of-a/,_posts/Quotes/1566-01-01-Martin-Luther-Governors-should-be-wise-of-a.md,Governors Should Be Wise and Courageous – Martin Luther | Ted Tschopp,https://tedt.org/img/Site-Logo.webp,generic site logo fallback,/img/social/martin-luther-governors-should-be-wise-of-a-social.webp
https://tedt.org/Martin-Luther-Our-Lord-God-deals-with-countr/,_posts/Quotes/1566-01-01-Martin-Luther-Our-Lord-God-deals-with-countr.md,God Deals with Nations as with Hedge-Sticks – Martin Luther | Ted Tschopp,https://tedt.org/img/Site-Logo.webp,generic site logo fallback,/img/social/martin-luther-our-lord-god-deals-with-countr-social.webp
https://tedt.org/Michael-Jordan-I've-missed-more-than-9000-sh/,_posts/Quotes/1997-01-01-Michael-Jordan-I've-missed-more-than-9000-sh.md,Why I Succeed – Michael Jordan | Ted Tschopp,https://tedt.org/img/Site-Logo.webp,generic site logo fallback,/img/social/michael-jordan-i-ve-missed-more-than-9000-sh-social.webp
https://tedt.org/Oscar-Tschopp-Architecture-is-the-unnecessar/,_posts/Quotes/2014-01-01-Oscar-Tschopp-Architecture-is-the-unnecessar.md,Architecture Is the Unnecessary That Makes Life Possible – Oscar Tschopp | Ted Tschopp,https://tedt.org/img/Site-Logo.webp,generic site logo fallback,/img/social/oscar-tschopp-architecture-is-the-unnecessar-social.webp
https://tedt.org/Oscar-Wilde-The-highest-moment-in-a-mans/,_posts/Quotes/1905-01-01-Oscar-Wilde-The-highest-moment-in-a-mans.md,The Highest Moment in a Man’s Career – Oscar Wilde | Ted Tschopp,https://tedt.org/img/Site-Logo.webp,generic site logo fallback,/img/social/oscar-wilde-the-highest-moment-in-a-mans-social.webp
https://tedt.org/Paul-Bowles-Because-we-dont-know-when-we/,_posts/Quotes/1949-01-01-Paul-Bowles-Because-we-dont-know-when-we.md,Life as an Inexhaustible Well – Paul Bowles | Ted Tschopp,https://tedt.org/img/Site-Logo.webp,generic site logo fallback,/img/social/paul-bowles-because-we-dont-know-when-we-social.webp
https://tedt.org/Pericles-The-whole-earth-is-the-tomb-of/,_posts/Quotes/0431-01-01-Pericles-The-whole-earth-is-the-tomb-of.md,The Whole Earth Is the Tomb of Heroic Men – Pericles | Ted Tschopp,https://tedt.org/img/Site-Logo.webp,generic site logo fallback,/img/social/pericles-the-whole-earth-is-the-tomb-of-social.webp
https://tedt.org/Privacy-Policy/,_posts/Policy/1993-01-01-Privacy-Policy.md,Privacy Policy | Ted Tschopp,https://tedt.org/img/Site-Logo.webp,generic site logo fallback,/img/social/privacy-policy-social.webp
https://tedt.org/RPG/The-M%C3%A4rchin-Engine/,RPG/The-Märchin-Engine.md,The Märchin Engine — GM Guide to the Web Plot Library | Ted Tschopp,https://tedt.org/img/Site-Logo.webp,generic site logo fallback,/img/social/rpg-the-marchin-engine-social.webp
https://tedt.org/Rabindranath-Tagore-I-am-willing-to-serve-my-count/,_posts/Quotes/1916-01-01-Rabindranath-Tagore-I-am-willing-to-serve-my-count.md,"Service to Country, Worship to God – Rabindranath Tagore | Ted Tschopp",https://tedt.org/img/Site-Logo.webp,generic site logo fallback,/img/social/rabindranath-tagore-i-am-willing-to-serve-my-count-social.webp
https://tedt.org/Ray-Bradbury-Good-luck-and-stop-judging-at/,_posts/Quotes/1974-06-10-Ray-Bradbury-Good-luck-and-stop-judging-at.md,"Disney Was Full of Errors, and Full of Life – Ray Bradbury | Ted Tschopp",https://tedt.org/img/Site-Logo.webp,generic site logo fallback,/img/social/ray-bradbury-good-luck-and-stop-judging-at-social.webp
https://tedt.org/Rudyard-Kipling-If-you-can-keep-your-head-when/,_posts/Quotes/1910-01-01-Rudyard-Kipling-If-you-can-keep-your-head-when.md,If You Can Keep Your Head – Rudyard Kipling | Ted Tschopp,https://tedt.org/img/Site-Logo.webp,generic site logo fallback,/img/social/rudyard-kipling-if-you-can-keep-your-head-when-social.webp
https://tedt.org/S%C3%B8ren-Kierkegaard-Let-others-complain-that-the-t/,_posts/Quotes/1846-01-01-Søren-Kierkegaard-Let-others-complain-that-the-t.md,"The Times Are Paltry, Without Passion – Søren Kierkegaard | Ted Tschopp",https://tedt.org/img/Site-Logo.webp,generic site logo fallback,/img/social/sren-kierkegaard-let-others-complain-that-the-t-social.webp
https://tedt.org/Stephen-Vincent-Benet-If-you-take-a-flat-map-And-mov/,_posts/Quotes/1928-01-01-Stephen-Vincent-Benet-If-you-take-a-flat-map-And-mov.md,Block-Men and Strategy – Stephen Vincent Benét | Ted Tschopp,https://tedt.org/img/Site-Logo.webp,generic site logo fallback,/img/social/stephen-vincent-benet-if-you-take-a-flat-map-and-mov-social.webp
https://tedt.org/Steve-Jobs-In-most-peoples-vocabularies/,_posts/Quotes/2000-01-24-Steve-Jobs-In-most-peoples-vocabularies.md,Design Is the Soul of Creation – Steve Jobs | Ted Tschopp,https://tedt.org/img/Site-Logo.webp,generic site logo fallback,/img/social/steve-jobs-in-most-peoples-vocabularies-social.webp
https://tedt.org/Stewart-Brand-Information-wants-to-be-free/,_posts/Quotes/1984-01-01-Stewart-Brand-Information-wants-to-be-free.md,Information Wants to Be Free – Stewart Brand | Ted Tschopp,https://tedt.org/img/Site-Logo.webp,generic site logo fallback,/img/social/stewart-brand-information-wants-to-be-free-social.webp
https://tedt.org/Stuart-Chase-Common-sense-tells-us-that-the/,_posts/Quotes/1948-01-01-Stuart-Chase-Common-sense-tells-us-that-the.md,Common Sense Tells Us the World Is Flat – Stuart Chase | Ted Tschopp,https://tedt.org/img/Site-Logo.webp,generic site logo fallback,/img/social/stuart-chase-common-sense-tells-us-that-the-social.webp
https://tedt.org/Terms-of-Use/,_posts/Policy/1993-01-01-Terms-of-Use.md,Terms of Use | Ted Tschopp,https://tedt.org/img/Site-Logo.webp,generic site logo fallback,/img/social/terms-of-use-social.webp
https://tedt.org/TheOneRing-LegacyArchive/,category/theonering-legacy-archive.html,TheOneRing.com Legacy Archive Articles | Ted Tschopp,https://tedt.org/img/Site-Logo.webp,generic site logo fallback,/img/social/theonering-legacyarchive-social.webp
https://tedt.org/Theodore-Roosevelt-It-is-not-the-critic-who-count/,_posts/Quotes/1910-04-23-Theodore-Roosevelt-It-is-not-the-critic-who-count.md,The Man in the Arena – Theodore Roosevelt | Ted Tschopp,https://tedt.org/img/Site-Logo.webp,generic site logo fallback,/img/social/theodore-roosevelt-it-is-not-the-critic-who-count-social.webp
https://tedt.org/Tom-Shippy-A-major-goal-of-The-Lord-of-Th/,_posts/Quotes/1982-01-01-Tom-Shippy-A-major-goal-of-The-Lord-of-Th.md,The Theory of Courage in Tolkien – Tom Shippey | Ted Tschopp,https://tedt.org/img/Site-Logo.webp,generic site logo fallback,/img/social/tom-shippy-a-major-goal-of-the-lord-of-th-social.webp
https://tedt.org/Upton-Sinclair-It-is-difficult-to-get-a-man-t/,_posts/Quotes/1935-01-01-Upton-Sinclair-It-is-difficult-to-get-a-man-t.md,When Salary Blocks Understanding – Upton Sinclair | Ted Tschopp,https://tedt.org/img/Site-Logo.webp,generic site logo fallback,/img/social/upton-sinclair-it-is-difficult-to-get-a-man-t-social.webp
https://tedt.org/Warren-Buffet-I-will-tell-you-how-to-become/,_posts/Quotes/1986-01-01-Warren-Buffet-I-will-tell-you-how-to-become.md,Be Fearful When Others Are Greedy – Warren Buffett | Ted Tschopp,https://tedt.org/img/Site-Logo.webp,generic site logo fallback,/img/social/warren-buffet-i-will-tell-you-how-to-become-social.webp
https://tedt.org/William-Ernest-Henley-Out-of-the-night-that-covers-m/,_posts/Quotes/1875-01-01-William-Ernest-Henley-Out-of-the-night-that-covers-m.md,I Am the Captain of My Soul – William Ernest Henley | Ted Tschopp,https://tedt.org/img/Site-Logo.webp,generic site logo fallback,/img/social/william-ernest-henley-out-of-the-night-that-covers-m-social.webp
https://tedt.org/William-Gibson-The-one-single-way-in-which-we/,_posts/Quotes/2014-04-08-William-Gibson-The-one-single-way-in-which-we.md,How Not to Get Old – William Gibson | Ted Tschopp,https://tedt.org/img/Site-Logo.webp,generic site logo fallback,/img/social/william-gibson-the-one-single-way-in-which-we-social.webp
https://tedt.org/career/,career.html,Career and Projects | Ted Tschopp,https://tedt.org/img/Site-Logo.webp,generic site logo fallback,/img/social/career-social.webp
https://tedt.org/category/ai/,category/ai.html,Artificial Intelligence Articles | Ted Tschopp,https://tedt.org/img/Site-Logo.webp,generic site logo fallback,/img/social/category-ai-social.webp
https://tedt.org/category/bestiary/,category/Bestiary.html,Bestiary Articles | Ted Tschopp,https://tedt.org/img/Site-Logo.webp,generic site logo fallback,/img/social/category-bestiary-social.webp
https://tedt.org/category/books/,category/Books.html,Books Articles | Ted Tschopp,https://tedt.org/img/Site-Logo.webp,generic site logo fallback,/img/social/category-books-social.webp
https://tedt.org/category/business/,category/business.html,Business Articles | Ted Tschopp,https://tedt.org/img/Site-Logo.webp,generic site logo fallback,/img/social/category-business-social.webp
https://tedt.org/category/communications/,category/Communications.html,Communications Articles | Ted Tschopp,https://tedt.org/img/Site-Logo.webp,generic site logo fallback,/img/social/category-communications-social.webp
https://tedt.org/category/computers/,category/Computers.html,Computers Articles | Ted Tschopp,https://tedt.org/img/Site-Logo.webp,generic site logo fallback,/img/social/category-computers-social.webp
https://tedt.org/category/dcc/,category/dcc.html,Dungeon Crawl Classics Articles | Ted Tschopp,https://tedt.org/img/Site-Logo.webp,generic site logo fallback,/img/social/category-dcc-social.webp
https://tedt.org/category/dnd/,category/dnd.html,Dungeons & Dragons Articles | Ted Tschopp,https://tedt.org/img/Site-Logo.webp,generic site logo fallback,/img/social/category-dnd-social.webp
https://tedt.org/category/enterprise-architecture/,category/enterprise-architecture.html,Enterprise Architecture Articles | Ted Tschopp,https://tedt.org/img/Site-Logo.webp,generic site logo fallback,/img/social/category-enterprise-architecture-social.webp
https://tedt.org/category/fandom/,category/fandom.html,Fandom Articles | Ted Tschopp,https://tedt.org/img/Site-Logo.webp,generic site logo fallback,/img/social/category-fandom-social.webp
https://tedt.org/category/folklore/,category/Folklore.html,Folklore Articles | Ted Tschopp,https://tedt.org/img/Site-Logo.webp,generic site logo fallback,/img/social/category-folklore-social.webp
https://tedt.org/category/gamma-world/,category/gamma-world.html,Gamma World Articles | Ted Tschopp,https://tedt.org/img/Site-Logo.webp,generic site logo fallback,/img/social/category-gamma-world-social.webp
https://tedt.org/category/gurps/,category/Gurps.html,GURPS Articles | Ted Tschopp,https://tedt.org/img/Site-Logo.webp,generic site logo fallback,/img/social/category-gurps-social.webp
https://tedt.org/category/leadership/,category/leadership.html,Leadership Articles | Ted Tschopp,https://tedt.org/img/Site-Logo.webp,generic site logo fallback,/img/social/category-leadership-social.webp
https://tedt.org/category/maps/,category/Maps.html,Maps Articles | Ted Tschopp,https://tedt.org/img/Site-Logo.webp,generic site logo fallback,/img/social/category-maps-social.webp
https://tedt.org/category/marchen-engine/,category/marchen-engine.html,The Märchen Engine Articles | Ted Tschopp,https://tedt.org/img/Site-Logo.webp,generic site logo fallback,/img/social/category-marchen-engine-social.webp
https://tedt.org/category/middle-earth/,category/Middle-earth.html,Middle-earth Articles | Ted Tschopp,https://tedt.org/img/Site-Logo.webp,generic site logo fallback,/img/social/category-middle-earth-social.webp
https://tedt.org/category/mobile/,category/Mobile.html,Mobile Articles | Ted Tschopp,https://tedt.org/img/Site-Logo.webp,generic site logo fallback,/img/social/category-mobile-social.webp
https://tedt.org/category/monsters/,category/Monsters.html,Monsters Articles | Ted Tschopp,https://tedt.org/img/Site-Logo.webp,generic site logo fallback,/img/social/category-monsters-social.webp
https://tedt.org/category/movies/,category/Movies.html,Movies Articles | Ted Tschopp,https://tedt.org/img/Site-Logo.webp,generic site logo fallback,/img/social/category-movies-social.webp
https://tedt.org/category/music/,category/music.html,Music Articles | Ted Tschopp,https://tedt.org/img/Site-Logo.webp,generic site logo fallback,/img/social/category-music-social.webp
https://tedt.org/category/mutant-crawl-classics/,category/mutant-crawl-classics.html,Mutant Crawl Classics Articles | Ted Tschopp,https://tedt.org/img/Site-Logo.webp,generic site logo fallback,/img/social/category-mutant-crawl-classics-social.webp
https://tedt.org/category/opinion/,category/Opinion.html,Opinion Articles | Ted Tschopp,https://tedt.org/img/Site-Logo.webp,generic site logo fallback,/img/social/category-opinion-social.webp
https://tedt.org/category/personal-writing/,category/personal-writing.html,Personal Writing Articles | Ted Tschopp,https://tedt.org/img/Site-Logo.webp,generic site logo fallback,/img/social/category-personal-writing-social.webp
https://tedt.org/category/philosophy/,category/Philosophy.html,Philosophy Articles | Ted Tschopp,https://tedt.org/img/Site-Logo.webp,generic site logo fallback,/img/social/category-philosophy-social.webp
https://tedt.org/category/projects/,category/Projects.html,Projects Articles | Ted Tschopp,https://tedt.org/img/Site-Logo.webp,generic site logo fallback,/img/social/category-projects-social.webp
https://tedt.org/category/quotes/,category/Quotes.html,Quotes Articles | Ted Tschopp,https://tedt.org/img/Site-Logo.webp,generic site logo fallback,/img/social/category-quotes-social.webp
https://tedt.org/category/religion/,category/Religion.html,Religion Articles | Ted Tschopp,https://tedt.org/img/Site-Logo.webp,generic site logo fallback,/img/social/category-religion-social.webp
https://tedt.org/category/reprint/,category/Reprint.html,Reprint Articles | Ted Tschopp,https://tedt.org/img/Site-Logo.webp,generic site logo fallback,/img/social/category-reprint-social.webp
https://tedt.org/category/role-playing-games/,category/role-playing-games.html,Role Playing Games Articles | Ted Tschopp,https://tedt.org/img/Site-Logo.webp,generic site logo fallback,/img/social/category-role-playing-games-social.webp
https://tedt.org/category/science/,category/Science.html,Science Articles | Ted Tschopp,https://tedt.org/img/Site-Logo.webp,generic site logo fallback,/img/social/category-science-social.webp
https://tedt.org/category/shadowrun/,category/Shadowrun.html,Shadowrun Articles | Ted Tschopp,https://tedt.org/img/Site-Logo.webp,generic site logo fallback,/img/social/category-shadowrun-social.webp
https://tedt.org/docs/summaries/wired-2001-fotr/,docs/summaries/wired-2001-fotr.md,"Summary of Wired Article: The Fellowship of the Ring (Oct 1, 2001) | Ted Tschopp",https://tedt.org/img/Site-Logo.webp,generic site logo fallback,/img/social/docs-summaries-wired-2001-fotr-social.webp
https://tedt.org/folklore/,folklore/index.html,Swiss Folklore Collection | Ted Tschopp,https://tedt.org/img/Site-Logo.webp,generic site logo fallback,/img/social/folklore-social.webp
https://tedt.org/folklore/entities/,folklore/entities.html,Mythological Entities | Ted Tschopp,https://tedt.org/img/Site-Logo.webp,generic site logo fallback,/img/social/folklore-entities-social.webp
https://tedt.org/folklore/locations/,folklore/locations.html,Folklore Locations | Ted Tschopp,https://tedt.org/img/Site-Logo.webp,generic site logo fallback,/img/social/folklore-locations-social.webp
https://tedt.org/folklore/stories/2980bfdf495e5b36f6b87ae59d36a9c8440e56c5/,folklore/stories/das-wydenweiblein.html,Das Wydenweiblein (The Wyden Woman) | Ted Tschopp,https://tedt.org/img/Site-Logo.webp,generic site logo fallback,/img/social/folklore-stories-2980bfdf495e5b36f6b87ae59d36a9c8440e56c5-social.webp
https://tedt.org/folklore/stories/434e1c6212cefb2c179cebaefb73d062fb021de8/,folklore/stories/das-zauberbuch.html,Das Zauberbuch (The Magic Book) | Ted Tschopp,https://tedt.org/img/Site-Logo.webp,generic site logo fallback,/img/social/folklore-stories-434e1c6212cefb2c179cebaefb73d062fb021de8-social.webp
https://tedt.org/folklore/stories/6fb9e2c043f7401c2d7f52051c8b1b2b4c7b0f6a/,folklore/stories/das-zauberbuch-drei-bueblein.html,Das Zauberbuch der drei armen Büblein (The Magic Book of the Three Poor Boys) | Ted Tschopp,https://tedt.org/img/Site-Logo.webp,generic site logo fallback,/img/social/folklore-stories-6fb9e2c043f7401c2d7f52051c8b1b2b4c7b0f6a-social.webp
https://tedt.org/folklore/stories/b94b31288d269cdbc55a79dfbeef72fce89895d0/,folklore/stories/das-wutisheer.html,Das Wütisheer (The Wild Hunt) | Ted Tschopp,https://tedt.org/img/Site-Logo.webp,generic site logo fallback,/img/social/folklore-stories-b94b31288d269cdbc55a79dfbeef72fce89895d0-social.webp
https://tedt.org/folklore/stories/fdc9c4d4b54b6d0a8c3c3e2dff7f0c8a2d9b3a5f/,folklore/stories/das-zauberbuch-hilft.html,Das Zauberbuch hilft in der Not (The Magic Book Helps in Need) | Ted Tschopp,https://tedt.org/img/Site-Logo.webp,generic site logo fallback,/img/social/folklore-stories-fdc9c4d4b54b6d0a8c3c3e2dff7f0c8a2d9b3a5f-social.webp
https://tedt.org/folklore/themes/,folklore/themes.html,Folklore Themes | Ted Tschopp,https://tedt.org/img/Site-Logo.webp,generic site logo fallback,/img/social/folklore-themes-social.webp
https://tedt.org/profile/,profile/index.html,About Ted Tschopp,https://tedt.org/img/Site-Logo.webp,generic site logo fallback,/img/social/profile-social.webp
https://tedt.org/prompts/,prompts/index.html,AI Prompt Library | Ted Tschopp,https://tedt.org/img/Site-Logo.webp,generic site logo fallback,/img/social/prompts-social.webp
https://tedt.org/prompts/business-requirements-builder/,_posts/Prompts/2025-10-17-business-requirements-builder.md,Architecture Business Requirements Builder AI Prompt | Ted Tschopp,https://tedt.org/img/Site-Logo.webp,generic site logo fallback,/img/social/prompts-business-requirements-builder-social.webp
https://tedt.org/prompts/business-skills-prompts/,_posts/Prompts/2025-10-17-business-skills-prompts.md,Business Business Skills Prompts | Ted Tschopp,https://tedt.org/img/Site-Logo.webp,generic site logo fallback,/img/social/prompts-business-skills-prompts-social.webp
https://tedt.org/prompts/expert-novelist/,_posts/Prompts/2025-10-17-expert-novelist.md,Communications expert novelist AI Prompt | Ted Tschopp,https://tedt.org/img/Site-Logo.webp,generic site logo fallback,/img/social/prompts-expert-novelist-social.webp
https://tedt.org/prompts/find-your-super-power/,_posts/Prompts/2025-10-17-find-your-super-power.md,Self Improvement Find your super power AI Prompt | Ted Tschopp,https://tedt.org/img/Site-Logo.webp,generic site logo fallback,/img/social/prompts-find-your-super-power-social.webp
https://tedt.org/prompts/lean-six-sigma-analysis/,_posts/Prompts/2025-10-17-lean-six-sigma-analysis.md,Business Lean Six Sigma Analysis AI Prompt | Ted Tschopp,https://tedt.org/img/Site-Logo.webp,generic site logo fallback,/img/social/prompts-lean-six-sigma-analysis-social.webp
https://tedt.org/prompts/objectives-key-results/,_posts/Prompts/2025-10-17-objectives-key-results.md,Business Objectives Key Results AI Prompt | Ted Tschopp,https://tedt.org/img/Site-Logo.webp,generic site logo fallback,/img/social/prompts-objectives-key-results-social.webp
https://tedt.org/prompts/prd-agent/,_posts/Prompts/2025-10-17-prd-agent.md,Architecture PRD Agent AI Prompt | Ted Tschopp,https://tedt.org/img/Site-Logo.webp,generic site logo fallback,/img/social/prompts-prd-agent-social.webp
https://tedt.org/prompts/prd-generator/,_posts/Prompts/2025-10-17-prd-generator.md,Architecture PRD Generator AI Prompt | Ted Tschopp,https://tedt.org/img/Site-Logo.webp,generic site logo fallback,/img/social/prompts-prd-generator-social.webp
https://tedt.org/prompts/requirements-analyst/,_posts/Prompts/2025-10-17-requirements-analyst.md,Architecture Requirements Analyst - ISO/IEC/IEEE 29148:2018 SRS Generator AI Prompt | Ted Tschopp,https://tedt.org/img/Site-Logo.webp,generic site logo fallback,/img/social/prompts-requirements-analyst-social.webp
https://tedt.org/prompts/risk-assessment-clean-up/,_posts/Prompts/2025-10-17-risk-assessment-clean-up.md,Risk Assessment clean up AI Prompt | Ted Tschopp,https://tedt.org/img/Site-Logo.webp,generic site logo fallback,/img/social/prompts-risk-assessment-clean-up-social.webp
https://tedt.org/prompts/risk-assessment-for-it/,_posts/Prompts/2025-10-17-risk-assessment-for-it.md,Risk Assessment for IT AI Prompt | Ted Tschopp,https://tedt.org/img/Site-Logo.webp,generic site logo fallback,/img/social/prompts-risk-assessment-for-it-social.webp
https://tedt.org/prompts/role-and-objective/,_posts/Prompts/2025-10-17-role-and-objective.md,Role and Objective AI Prompt | Ted Tschopp,https://tedt.org/img/Site-Logo.webp,generic site logo fallback,/img/social/prompts-role-and-objective-social.webp
https://tedt.org/prompts/script-a-podcast/,_posts/Prompts/2025-10-17-script-a-podcast.md,Communications Script a Podcast AI Prompt | Ted Tschopp,https://tedt.org/img/Site-Logo.webp,generic site logo fallback,/img/social/prompts-script-a-podcast-social.webp
https://tedt.org/prompts/simple-blog-generator/,_posts/Prompts/2025-01-31-simple-blog-generator.md,Simple Blog Post Generator AI Prompt | Ted Tschopp,https://tedt.org/img/Site-Logo.webp,generic site logo fallback,/img/social/prompts-simple-blog-generator-social.webp
https://tedt.org/prompts/sora-prompt/,_posts/Prompts/2025-10-17-sora-prompt.md,Sora Prompt | Ted Tschopp,https://tedt.org/img/Site-Logo.webp,generic site logo fallback,/img/social/prompts-sora-prompt-social.webp
https://tedt.org/resume/,resume.html,Resume | Ted Tschopp,https://tedt.org/img/Site-Logo.webp,generic site logo fallback,/img/social/resume-social.webp
https://tedt.org/slides/,slides/index.html,Presentations | Ted Tschopp,https://tedt.org/img/Site-Logo.webp,generic site logo fallback,/img/social/slides-social.webp
https://tedt.org/slides/humans-as-ai-context/,_posts/Slides/2025-01-20-humans-as-ai-context.md,Humans as AI Context Presentation | Ted Tschopp,https://tedt.org/img/Site-Logo.webp,generic site logo fallback,/img/social/slides-humans-as-ai-context-social.webp
https://tedt.org/RPG/teds/stories/,RPG/teds/stories.html,Stories of Switzerland,"",missing og:image,/img/social/rpg-teds-stories-social.webp
https://tedt.org/tools/,tools/index.html,Ted's Tools | Ted Tschopp,"",missing og:image,/img/social/tools-social.webp
https://tedt.org/tools/mastodon/,tools/mastodon/index.html,Mastodon embed timeline,"",missing og:image,/img/social/tools-mastodon-social.webp
https://tedt.org/Gamma-World-Bestiary/Albilope.html,_posts/Gamma World/2023-04-07-Albilope.md,Albilope | Ted Tschopp,https://tedt.org/RPG/MCC-GW/images/Monster-Manual/Albilope.png,referenced social image is missing,/img/social/gamma-world-bestiary-albilope-html-social.webp
https://tedt.org/Gamma-World-Bestiary/Bee-Folk-Bumbles.html,_posts/Gamma World/2023-04-07-Bee-Folk-Bumbles.md,Bee Folk «Bumbles» | Ted Tschopp,https://tedt.org/RPG/MCC-GW/images/Monster-Manual/Bumbles.png,referenced social image is missing,/img/social/gamma-world-bestiary-bee-folk-bumbles-html-social.webp
https://tedt.org/Gamma-World-Bestiary/Blackuns-Attercop.html,_posts/Gamma World/2023-04-07-Blackuns-Attercop.md,Blackuns «Attercop» | Ted Tschopp,https://tedt.org/RPG/MCC-GW/images/Monster-Manual/Attercops.png,referenced social image is missing,/img/social/gamma-world-bestiary-blackuns-attercop-html-social.webp
https://tedt.org/Gamma-World-Bestiary/Climbing-Crescent-Deer-Albilope.html,_posts/Gamma World/2023-04-07-Climbing-Crescent-Deer-Albilope.md,"Climbing, Crescent Deer «Albilope» | Ted Tschopp",https://tedt.org/RPG/MCC-GW/images/Monster-Manual/Albilope.png,referenced social image is missing,/img/social/gamma-world-bestiary-climbing-crescent-deer-albilope-html-social.webp
https://tedt.org/Gamma-World-Bestiary/Cloud-Worms-Blight.html,_posts/Gamma World/2023-04-07-Cloud-Worms-Blight.md,Cloud Worms «Blight» | Ted Tschopp,https://tedt.org/RPG/MCC-GW/images/Monster-Manual/Blights.png,referenced social image is missing,/img/social/gamma-world-bestiary-cloud-worms-blight-html-social.webp
https://tedt.org/Gamma-World-Bestiary/Crusty-Uns-Crustean.html,_posts/Gamma World/2023-04-07-Crusty-Uns-Crustean.md,Crusty 'Uns «Crustean» | Ted Tschopp,https://tedt.org/RPG/MCC-GW/images/Monster-Manual/Crusteans.png,referenced social image is missing,/img/social/gamma-world-bestiary-crusty-uns-crustean-html-social.webp
https://tedt.org/Gamma-World-Bestiary/Dragon-Bugs-Arn.html,_posts/Gamma World/2023-04-07-Dragon-Bugs-Arn.md,Dragon Bugs «Arn» | Ted Tschopp,https://tedt.org/RPG/MCC-GW/images/Monster-Manual/Arns.png,referenced social image is missing,/img/social/gamma-world-bestiary-dragon-bugs-arn-html-social.webp
https://tedt.org/Gamma-World-Bestiary/Flitters-Buzzbirds.html,_posts/Gamma World/2023-04-07-Flitters-Buzzbirds.md,Flitters «Buzzbirds» | Ted Tschopp,https://tedt.org/RPG/MCC-GW/images/Monster-Manual/Buzzbirds.png,referenced social image is missing,/img/social/gamma-world-bestiary-flitters-buzzbirds-html-social.webp
https://tedt.org/Gamma-World-Bestiary/Flying-Rippers-Cal-Then.html,_posts/Gamma World/2023-04-07-Flying-Rippers-Cal-Then.md,Flying Rippers «Cal Then» | Ted Tschopp,https://tedt.org/RPG/MCC-GW/images/Monster-Manual/Cal%20Thens.png,referenced social image is missing,/img/social/gamma-world-bestiary-flying-rippers-cal-then-html-social.webp
https://tedt.org/Gamma-World-Bestiary/Gamma-Moths-Blaash.html,_posts/Gamma World/2023-04-07-Gamma-Moths-Blaash.md,Gamma Moths «Blaash» | Ted Tschopp,https://tedt.org/RPG/MCC-GW/images/Monster-Manual/Blaashes.png,referenced social image is missing,/img/social/gamma-world-bestiary-gamma-moths-blaash-html-social.webp
https://tedt.org/Gamma-World-Bestiary/Purple-Pygmies-Dagmits.html,_posts/Gamma World/2023-04-07-Purple-Pygmies-Dagmits.md,Purple Pygmies «Dagmits» | Ted Tschopp,https://tedt.org/RPG/MCC-GW/images/Monster-Manual/Dagmits.png,referenced social image is missing,/img/social/gamma-world-bestiary-purple-pygmies-dagmits-html-social.webp
https://tedt.org/Gamma-World-Bestiary/Rammers-Blade-Whale.html,_posts/Gamma World/2023-04-07-Rammers-Blade-Whale.md,Rammers «Blade Whale» | Ted Tschopp,https://tedt.org/RPG/MCC-GW/images/Monster-Manual/Blade%20Whales.png,referenced social image is missing,/img/social/gamma-world-bestiary-rammers-blade-whale-html-social.webp
https://tedt.org/Gamma-World-Bestiary/Red-Deaths-Blood-Bird.html,_posts/Gamma World/2023-04-07-Red-Deaths-Blood-Bird.md,Red Deaths «Blood Bird» | Ted Tschopp,https://tedt.org/RPG/MCC-GW/images/Monster-Manual/Blood%20Birds.png,referenced social image is missing,/img/social/gamma-world-bestiary-red-deaths-blood-bird-html-social.webp
https://tedt.org/Gamma-World-Bestiary/Sweetpads-Ber-Lep.html,_posts/Gamma World/2023-04-07-Sweetpads-Ber-Lep.md,Sweetpads «Ber Lep» | Ted Tschopp,https://tedt.org/RPG/MCC-GW/images/Monster-Manual/Ber%20Leps.png,referenced social image is missing,/img/social/gamma-world-bestiary-sweetpads-ber-lep-html-social.webp
https://tedt.org/Gamma-World-Bestiary/Wandering-Blackuns-Attercop-Abulare.html,_posts/Gamma World/2023-04-07-Wandering-Blackuns-Attercop-Abulare.md,Wandering Blackuns «Attercop Abulare» | Ted Tschopp,https://tedt.org/RPG/MCC-GW/images/Monster-Manual/Attercops%20Abulare.png,referenced social image is missing,/img/social/gamma-world-bestiary-wandering-blackuns-attercop-abulare-html-social.webp
